job_number,title,company,job_code,employer_code,ad_code,description,opening_date,closing_date,location,url,scraped_at
1465263,Software Engineer - Intern,SPOS (Pvt) Ltd,1465263,DEFZZZ,DEFZZZ,Please refer the vacancy,Fri Feb 06 2026,Fri Feb 20 2026,Kuliyapitiya,https://www.topjobs.lk/employer/JobAdvertismentServlet?ac=DEFZZZ&jc=0001465263&ec=DEFZZZ,2/7/2026 22:04
1465101,Intern - Project Management,One Billion Tech (Pvt) Ltd,1465101,DEFZZZ,DEFZZZ,Please refer the vacancy,Fri Feb 06 2026,Fri Feb 20 2026,Colombo 1,https://www.topjobs.lk/employer/JobAdvertismentServlet?ac=DEFZZZ&jc=0001465101&ec=DEFZZZ,2/7/2026 22:04
1462769,Software Engineer Intern,Shopbook Technologies (Pvt) Ltd,1462769,DEFZZZ,DEFZZZ,Please refer the vacancy,Fri Feb 06 2026,Fri Feb 13 2026,Colombo 3,https://www.topjobs.lk/employer/JobAdvertismentServlet?ac=DEFZZZ&jc=0001462769&ec=DEFZZZ,2/7/2026 22:04
1464747,Embedded Systems Intern,InspireX Private Ltd,1464747,DEFZZZ,DEFZZZ,Please refer the vacancy,Thu Feb 05 2026,Thu Feb 19 2026,Nawala,https://www.topjobs.lk/employer/JobAdvertismentServlet?ac=DEFZZZ&jc=0001464747&ec=DEFZZZ,2/7/2026 22:04
1464717,Graphic Designer (Internship),Spherehead Technologies LLC,1464717,DEFZZZ,DEFZZZ,Please refer the vacancy,Thu Feb 05 2026,Thu Feb 19 2026,Colombo 1,https://www.topjobs.lk/employer/JobAdvertismentServlet?ac=DEFZZZ&jc=0001464717&ec=DEFZZZ,2/7/2026 22:04
1464715,Full Stake Developer (Internship),Spherehead Technologies LLC,1464715,DEFZZZ,DEFZZZ,Please refer the vacancy,Thu Feb 05 2026,Thu Feb 19 2026,Colombo 1,https://www.topjobs.lk/employer/JobAdvertismentServlet?ac=DEFZZZ&jc=0001464715&ec=DEFZZZ,2/7/2026 22:04
1464083,Junior | Senior | Intern  Graphic Designers,Business Third Eye Private Limited,1464083,DEFZZZ,DEFZZZ,Please refer the vacancy,Tue Feb 03 2026,Tue Feb 17 2026,Rajagiriya,https://www.topjobs.lk/employer/JobAdvertismentServlet?ac=DEFZZZ&jc=0001464083&ec=DEFZZZ,2/7/2026 22:04
1463980,Senior | Junior | Interns - Video Editors,Business Third Eye Private Limited,1463980,DEFZZZ,DEFZZZ,Please refer the vacancy,Tue Feb 03 2026,Tue Feb 17 2026,Rajagiriya,https://www.topjobs.lk/employer/JobAdvertismentServlet?ac=DEFZZZ&jc=0001463980&ec=DEFZZZ,2/7/2026 22:04
1462377,Creative Design Intern,Vixo Labs,1462377,DEFZZZ,DEFZZZ,Please refer the vacancy,Fri Jan 30 2026,Fri Feb 13 2026,Kelaniya,https://www.topjobs.lk/employer/JobAdvertismentServlet?ac=DEFZZZ&jc=0001462377&ec=DEFZZZ,2/7/2026 22:04
1462353,Quality Assurance Intern,Shopbook Technologies (Pvt) Ltd,1462353,DEFZZZ,DEFZZZ,Please refer the vacancy,Thu Jan 29 2026,Thu Feb 12 2026,Colombo 3,https://www.topjobs.lk/employer/JobAdvertismentServlet?ac=DEFZZZ&jc=0001462353&ec=DEFZZZ,2/7/2026 22:04
1462318,Intern - DevOps (1),Fortude,1462318,577,438,Please refer to the attached advert and click to apply,Thu Jan 29 2026,Thu Feb 12 2026,,https://www.topjobs.lk/employer/JobAdvertismentServlet?ac=0000000438&jc=0001462318&ec=0000000577,2/7/2026 22:04
1461713,Intern - Quality Assurance,Auradot (Pvt) Ltd,1461713,DEFZZZ,DEFZZZ,Please refer the vacancy,Thu Jan 29 2026,Thu Feb 12 2026,Colombo 7,https://www.topjobs.lk/employer/JobAdvertismentServlet?ac=DEFZZZ&jc=0001461713&ec=DEFZZZ,2/7/2026 22:04
1461705,Intern - Software Engineering,Auradot (Pvt) Ltd,1461705,DEFZZZ,DEFZZZ,Please refer the vacancy,Thu Jan 29 2026,Thu Feb 12 2026,Colombo 7,https://www.topjobs.lk/employer/JobAdvertismentServlet?ac=DEFZZZ&jc=0001461705&ec=DEFZZZ,2/7/2026 22:04
1461079,Software Engineer - Intern,Ashkanet IT Solutions (Private) Limited,1461079,DEFZZZ,DEFZZZ,Please refer the vacancy,Tue Jan 27 2026,Tue Feb 10 2026,Panadura,https://www.topjobs.lk/employer/JobAdvertismentServlet?ac=DEFZZZ&jc=0001461079&ec=DEFZZZ,2/7/2026 22:04
1460826,Software Engineers Internship,Xaventra (Private) Limited,1460826,DEFZZZ,DEFZZZ,Please refer the vacancy,Tue Jan 27 2026,Tue Feb 10 2026,Colombo 1,https://www.topjobs.lk/employer/JobAdvertismentServlet?ac=DEFZZZ&jc=0001460826&ec=DEFZZZ,2/7/2026 22:04
1460457,Intern - Plant Lean Enterprise  (1),MAS Intimates,1460457,374,94,Please click the advert to apply.,Mon Jan 26 2026,Mon Feb 09 2026,,https://www.topjobs.lk/employer/JobAdvertismentServlet?ac=0000000094&jc=0001460457&ec=0000000374,2/7/2026 22:04
1460350,Graphic Designer - Intern,Siripela Holdings,1460350,DEFZZZ,DEFZZZ,Please refer the vacancy,Mon Jan 26 2026,Mon Feb 09 2026,Yakkala,https://www.topjobs.lk/employer/JobAdvertismentServlet?ac=DEFZZZ&jc=0001460350&ec=DEFZZZ,2/7/2026 22:04
1368949,Intern ? Information Technology (1),John Keells IT,1368949,313,49,Please refer the Advert.,Wed Jan 21 2026,Sat Feb 21 2026,Colombo 2,https://www.topjobs.lk/employer/JobAdvertismentServlet?ac=0000000049&jc=0001368949&ec=0000000313,2/7/2026 22:04
1453888,SE Intern - Development  (1),Infor,1453888,456,342,Pls refer the advert,Fri Jan 09 2026,Tue Mar 31 2026,Colombo 3,https://www.topjobs.lk/employer/JobAdvertismentServlet?ac=0000000342&jc=0001453888&ec=0000000456,2/7/2026 22:04
1465263,Software Engineer - Intern,SPOS (Pvt) Ltd,1465263,DEFZZZ,DEFZZZ,Please refer the vacancy,Fri Feb 06 2026,Fri Feb 20 2026,Kuliyapitiya,https://www.topjobs.lk/employer/JobAdvertismentServlet?ac=DEFZZZ&jc=0001465263&ec=DEFZZZ,2/7/2026 22:04
1465101,Intern - Project Management,One Billion Tech (Pvt) Ltd,1465101,DEFZZZ,DEFZZZ,Please refer the vacancy,Fri Feb 06 2026,Fri Feb 20 2026,Colombo 1,https://www.topjobs.lk/employer/JobAdvertismentServlet?ac=DEFZZZ&jc=0001465101&ec=DEFZZZ,2/7/2026 22:04
1462769,Software Engineer Intern,Shopbook Technologies (Pvt) Ltd,1462769,DEFZZZ,DEFZZZ,Please refer the vacancy,Fri Feb 06 2026,Fri Feb 13 2026,Colombo 3,https://www.topjobs.lk/employer/JobAdvertismentServlet?ac=DEFZZZ&jc=0001462769&ec=DEFZZZ,2/7/2026 22:04
1464747,Embedded Systems Intern,InspireX Private Ltd,1464747,DEFZZZ,DEFZZZ,Please refer the vacancy,Thu Feb 05 2026,Thu Feb 19 2026,Nawala,https://www.topjobs.lk/employer/JobAdvertismentServlet?ac=DEFZZZ&jc=0001464747&ec=DEFZZZ,2/7/2026 22:04
1464717,Graphic Designer (Internship),Spherehead Technologies LLC,1464717,DEFZZZ,DEFZZZ,Please refer the vacancy,Thu Feb 05 2026,Thu Feb 19 2026,Colombo 1,https://www.topjobs.lk/employer/JobAdvertismentServlet?ac=DEFZZZ&jc=0001464717&ec=DEFZZZ,2/7/2026 22:04
1464715,Full Stake Developer (Internship),Spherehead Technologies LLC,1464715,DEFZZZ,DEFZZZ,Please refer the vacancy,Thu Feb 05 2026,Thu Feb 19 2026,Colombo 1,https://www.topjobs.lk/employer/JobAdvertismentServlet?ac=DEFZZZ&jc=0001464715&ec=DEFZZZ,2/7/2026 22:04
1464083,Junior | Senior | Intern  Graphic Designers,Business Third Eye Private Limited,1464083,DEFZZZ,DEFZZZ,Please refer the vacancy,Tue Feb 03 2026,Tue Feb 17 2026,Rajagiriya,https://www.topjobs.lk/employer/JobAdvertismentServlet?ac=DEFZZZ&jc=0001464083&ec=DEFZZZ,2/7/2026 22:04
1463980,Senior | Junior | Interns - Video Editors,Business Third Eye Private Limited,1463980,DEFZZZ,DEFZZZ,Please refer the vacancy,Tue Feb 03 2026,Tue Feb 17 2026,Rajagiriya,https://www.topjobs.lk/employer/JobAdvertismentServlet?ac=DEFZZZ&jc=0001463980&ec=DEFZZZ,2/7/2026 22:04
1462377,Creative Design Intern,Vixo Labs,1462377,DEFZZZ,DEFZZZ,Please refer the vacancy,Fri Jan 30 2026,Fri Feb 13 2026,Kelaniya,https://www.topjobs.lk/employer/JobAdvertismentServlet?ac=DEFZZZ&jc=0001462377&ec=DEFZZZ,2/7/2026 22:04
1462353,Quality Assurance Intern,Shopbook Technologies (Pvt) Ltd,1462353,DEFZZZ,DEFZZZ,Please refer the vacancy,Thu Jan 29 2026,Thu Feb 12 2026,Colombo 3,https://www.topjobs.lk/employer/JobAdvertismentServlet?ac=DEFZZZ&jc=0001462353&ec=DEFZZZ,2/7/2026 22:04
1462318,Intern - DevOps (1),Fortude,1462318,577,438,Please refer to the attached advert and click to apply,Thu Jan 29 2026,Thu Feb 12 2026,,https://www.topjobs.lk/employer/JobAdvertismentServlet?ac=0000000438&jc=0001462318&ec=0000000577,2/7/2026 22:04
1461713,Intern - Quality Assurance,Auradot (Pvt) Ltd,1461713,DEFZZZ,DEFZZZ,Please refer the vacancy,Thu Jan 29 2026,Thu Feb 12 2026,Colombo 7,https://www.topjobs.lk/employer/JobAdvertismentServlet?ac=DEFZZZ&jc=0001461713&ec=DEFZZZ,2/7/2026 22:04
1461705,Intern - Software Engineering,Auradot (Pvt) Ltd,1461705,DEFZZZ,DEFZZZ,Please refer the vacancy,Thu Jan 29 2026,Thu Feb 12 2026,Colombo 7,https://www.topjobs.lk/employer/JobAdvertismentServlet?ac=DEFZZZ&jc=0001461705&ec=DEFZZZ,2/7/2026 22:04
1461079,Software Engineer - Intern,Ashkanet IT Solutions (Private) Limited,1461079,DEFZZZ,DEFZZZ,Please refer the vacancy,Tue Jan 27 2026,Tue Feb 10 2026,Panadura,https://www.topjobs.lk/employer/JobAdvertismentServlet?ac=DEFZZZ&jc=0001461079&ec=DEFZZZ,2/7/2026 22:04
1460826,Software Engineers Internship,Xaventra (Private) Limited,1460826,DEFZZZ,DEFZZZ,Please refer the vacancy,Tue Jan 27 2026,Tue Feb 10 2026,Colombo 1,https://www.topjobs.lk/employer/JobAdvertismentServlet?ac=DEFZZZ&jc=0001460826&ec=DEFZZZ,2/7/2026 22:04
1460457,Intern - Plant Lean Enterprise  (1),MAS Intimates,1460457,374,94,Please click the advert to apply.,Mon Jan 26 2026,Mon Feb 09 2026,,https://www.topjobs.lk/employer/JobAdvertismentServlet?ac=0000000094&jc=0001460457&ec=0000000374,2/7/2026 22:04
1460350,Graphic Designer - Intern,Siripela Holdings,1460350,DEFZZZ,DEFZZZ,Please refer the vacancy,Mon Jan 26 2026,Mon Feb 09 2026,Yakkala,https://www.topjobs.lk/employer/JobAdvertismentServlet?ac=DEFZZZ&jc=0001460350&ec=DEFZZZ,2/7/2026 22:04
1368949,Intern ? Information Technology (1),John Keells IT,1368949,313,49,Please refer the Advert.,Wed Jan 21 2026,Sat Feb 21 2026,Colombo 2,https://www.topjobs.lk/employer/JobAdvertismentServlet?ac=0000000049&jc=0001368949&ec=0000000313,2/7/2026 22:04
1453888,SE Intern - Development  (1),Infor,1453888,456,342,Pls refer the advert,Fri Jan 09 2026,Tue Mar 31 2026,Colombo 3,https://www.topjobs.lk/employer/JobAdvertismentServlet?ac=0000000342&jc=0001453888&ec=0000000456,2/7/2026 22:04
1465263,Software Engineer - Intern,SPOS (Pvt) Ltd,1465263,DEFZZZ,DEFZZZ,Please refer the vacancy,Fri Feb 06 2026,Fri Feb 20 2026,Kuliyapitiya,https://www.topjobs.lk/employer/JobAdvertismentServlet?ac=DEFZZZ&jc=0001465263&ec=DEFZZZ,2/7/2026 22:04
1465101,Intern - Project Management,One Billion Tech (Pvt) Ltd,1465101,DEFZZZ,DEFZZZ,Please refer the vacancy,Fri Feb 06 2026,Fri Feb 20 2026,Colombo 1,https://www.topjobs.lk/employer/JobAdvertismentServlet?ac=DEFZZZ&jc=0001465101&ec=DEFZZZ,2/7/2026 22:04
1462769,Software Engineer Intern,Shopbook Technologies (Pvt) Ltd,1462769,DEFZZZ,DEFZZZ,Please refer the vacancy,Fri Feb 06 2026,Fri Feb 13 2026,Colombo 3,https://www.topjobs.lk/employer/JobAdvertismentServlet?ac=DEFZZZ&jc=0001462769&ec=DEFZZZ,2/7/2026 22:04
1464747,Embedded Systems Intern,InspireX Private Ltd,1464747,DEFZZZ,DEFZZZ,Please refer the vacancy,Thu Feb 05 2026,Thu Feb 19 2026,Nawala,https://www.topjobs.lk/employer/JobAdvertismentServlet?ac=DEFZZZ&jc=0001464747&ec=DEFZZZ,2/7/2026 22:04
1464717,Graphic Designer (Internship),Spherehead Technologies LLC,1464717,DEFZZZ,DEFZZZ,Please refer the vacancy,Thu Feb 05 2026,Thu Feb 19 2026,Colombo 1,https://www.topjobs.lk/employer/JobAdvertismentServlet?ac=DEFZZZ&jc=0001464717&ec=DEFZZZ,2/7/2026 22:04
1464715,Full Stake Developer (Internship),Spherehead Technologies LLC,1464715,DEFZZZ,DEFZZZ,Please refer the vacancy,Thu Feb 05 2026,Thu Feb 19 2026,Colombo 1,https://www.topjobs.lk/employer/JobAdvertismentServlet?ac=DEFZZZ&jc=0001464715&ec=DEFZZZ,2/7/2026 22:04
1464083,Junior | Senior | Intern  Graphic Designers,Business Third Eye Private Limited,1464083,DEFZZZ,DEFZZZ,Please refer the vacancy,Tue Feb 03 2026,Tue Feb 17 2026,Rajagiriya,https://www.topjobs.lk/employer/JobAdvertismentServlet?ac=DEFZZZ&jc=0001464083&ec=DEFZZZ,2/7/2026 22:04
1463980,Senior | Junior | Interns - Video Editors,Business Third Eye Private Limited,1463980,DEFZZZ,DEFZZZ,Please refer the vacancy,Tue Feb 03 2026,Tue Feb 17 2026,Rajagiriya,https://www.topjobs.lk/employer/JobAdvertismentServlet?ac=DEFZZZ&jc=0001463980&ec=DEFZZZ,2/7/2026 22:04
1462377,Creative Design Intern,Vixo Labs,1462377,DEFZZZ,DEFZZZ,Please refer the vacancy,Fri Jan 30 2026,Fri Feb 13 2026,Kelaniya,https://www.topjobs.lk/employer/JobAdvertismentServlet?ac=DEFZZZ&jc=0001462377&ec=DEFZZZ,2/7/2026 22:04
1462353,Quality Assurance Intern,Shopbook Technologies (Pvt) Ltd,1462353,DEFZZZ,DEFZZZ,Please refer the vacancy,Thu Jan 29 2026,Thu Feb 12 2026,Colombo 3,https://www.topjobs.lk/employer/JobAdvertismentServlet?ac=DEFZZZ&jc=0001462353&ec=DEFZZZ,2/7/2026 22:04
1462318,Intern - DevOps (1),Fortude,1462318,577,438,Please refer to the attached advert and click to apply,Thu Jan 29 2026,Thu Feb 12 2026,,https://www.topjobs.lk/employer/JobAdvertismentServlet?ac=0000000438&jc=0001462318&ec=0000000577,2/7/2026 22:04
1461713,Intern - Quality Assurance,Auradot (Pvt) Ltd,1461713,DEFZZZ,DEFZZZ,Please refer the vacancy,Thu Jan 29 2026,Thu Feb 12 2026,Colombo 7,https://www.topjobs.lk/employer/JobAdvertismentServlet?ac=DEFZZZ&jc=0001461713&ec=DEFZZZ,2/7/2026 22:04
1461705,Intern - Software Engineering,Auradot (Pvt) Ltd,1461705,DEFZZZ,DEFZZZ,Please refer the vacancy,Thu Jan 29 2026,Thu Feb 12 2026,Colombo 7,https://www.topjobs.lk/employer/JobAdvertismentServlet?ac=DEFZZZ&jc=0001461705&ec=DEFZZZ,2/7/2026 22:04
1461079,Software Engineer - Intern,Ashkanet IT Solutions (Private) Limited,1461079,DEFZZZ,DEFZZZ,Please refer the vacancy,Tue Jan 27 2026,Tue Feb 10 2026,Panadura,https://www.topjobs.lk/employer/JobAdvertismentServlet?ac=DEFZZZ&jc=0001461079&ec=DEFZZZ,2/7/2026 22:04
1460826,Software Engineers Internship,Xaventra (Private) Limited,1460826,DEFZZZ,DEFZZZ,Please refer the vacancy,Tue Jan 27 2026,Tue Feb 10 2026,Colombo 1,https://www.topjobs.lk/employer/JobAdvertismentServlet?ac=DEFZZZ&jc=0001460826&ec=DEFZZZ,2/7/2026 22:04
1460457,Intern - Plant Lean Enterprise  (1),MAS Intimates,1460457,374,94,Please click the advert to apply.,Mon Jan 26 2026,Mon Feb 09 2026,,https://www.topjobs.lk/employer/JobAdvertismentServlet?ac=0000000094&jc=0001460457&ec=0000000374,2/7/2026 22:04
1460350,Graphic Designer - Intern,Siripela Holdings,1460350,DEFZZZ,DEFZZZ,Please refer the vacancy,Mon Jan 26 2026,Mon Feb 09 2026,Yakkala,https://www.topjobs.lk/employer/JobAdvertismentServlet?ac=DEFZZZ&jc=0001460350&ec=DEFZZZ,2/7/2026 22:04
1368949,Intern ? Information Technology (1),John Keells IT,1368949,313,49,Please refer the Advert.,Wed Jan 21 2026,Sat Feb 21 2026,Colombo 2,https://www.topjobs.lk/employer/JobAdvertismentServlet?ac=0000000049&jc=0001368949&ec=0000000313,2/7/2026 22:04
1453888,SE Intern - Development  (1),Infor,1453888,456,342,Pls refer the advert,Fri Jan 09 2026,Tue Mar 31 2026,Colombo 3,https://www.topjobs.lk/employer/JobAdvertismentServlet?ac=0000000342&jc=0001453888&ec=0000000456,2/7/2026 22:04
1465263,Software Engineer - Intern,SPOS (Pvt) Ltd,1465263,DEFZZZ,DEFZZZ,Please refer the vacancy,Fri Feb 06 2026,Fri Feb 20 2026,Kuliyapitiya,https://www.topjobs.lk/employer/JobAdvertismentServlet?ac=DEFZZZ&jc=0001465263&ec=DEFZZZ,2/7/2026 22:04
1465101,Intern - Project Management,One Billion Tech (Pvt) Ltd,1465101,DEFZZZ,DEFZZZ,Please refer the vacancy,Fri Feb 06 2026,Fri Feb 20 2026,Colombo 1,https://www.topjobs.lk/employer/JobAdvertismentServlet?ac=DEFZZZ&jc=0001465101&ec=DEFZZZ,2/7/2026 22:04
1462769,Software Engineer Intern,Shopbook Technologies (Pvt) Ltd,1462769,DEFZZZ,DEFZZZ,Please refer the vacancy,Fri Feb 06 2026,Fri Feb 13 2026,Colombo 3,https://www.topjobs.lk/employer/JobAdvertismentServlet?ac=DEFZZZ&jc=0001462769&ec=DEFZZZ,2/7/2026 22:04
1464747,Embedded Systems Intern,InspireX Private Ltd,1464747,DEFZZZ,DEFZZZ,Please refer the vacancy,Thu Feb 05 2026,Thu Feb 19 2026,Nawala,https://www.topjobs.lk/employer/JobAdvertismentServlet?ac=DEFZZZ&jc=0001464747&ec=DEFZZZ,2/7/2026 22:04
1464717,Graphic Designer (Internship),Spherehead Technologies LLC,1464717,DEFZZZ,DEFZZZ,Please refer the vacancy,Thu Feb 05 2026,Thu Feb 19 2026,Colombo 1,https://www.topjobs.lk/employer/JobAdvertismentServlet?ac=DEFZZZ&jc=0001464717&ec=DEFZZZ,2/7/2026 22:04
1464715,Full Stake Developer (Internship),Spherehead Technologies LLC,1464715,DEFZZZ,DEFZZZ,Please refer the vacancy,Thu Feb 05 2026,Thu Feb 19 2026,Colombo 1,https://www.topjobs.lk/employer/JobAdvertismentServlet?ac=DEFZZZ&jc=0001464715&ec=DEFZZZ,2/7/2026 22:04
1464083,Junior | Senior | Intern  Graphic Designers,Business Third Eye Private Limited,1464083,DEFZZZ,DEFZZZ,Please refer the vacancy,Tue Feb 03 2026,Tue Feb 17 2026,Rajagiriya,https://www.topjobs.lk/employer/JobAdvertismentServlet?ac=DEFZZZ&jc=0001464083&ec=DEFZZZ,2/7/2026 22:04
1463980,Senior | Junior | Interns - Video Editors,Business Third Eye Private Limited,1463980,DEFZZZ,DEFZZZ,Please refer the vacancy,Tue Feb 03 2026,Tue Feb 17 2026,Rajagiriya,https://www.topjobs.lk/employer/JobAdvertismentServlet?ac=DEFZZZ&jc=0001463980&ec=DEFZZZ,2/7/2026 22:04
1462377,Creative Design Intern,Vixo Labs,1462377,DEFZZZ,DEFZZZ,Please refer the vacancy,Fri Jan 30 2026,Fri Feb 13 2026,Kelaniya,https://www.topjobs.lk/employer/JobAdvertismentServlet?ac=DEFZZZ&jc=0001462377&ec=DEFZZZ,2/7/2026 22:04
1462353,Quality Assurance Intern,Shopbook Technologies (Pvt) Ltd,1462353,DEFZZZ,DEFZZZ,Please refer the vacancy,Thu Jan 29 2026,Thu Feb 12 2026,Colombo 3,https://www.topjobs.lk/employer/JobAdvertismentServlet?ac=DEFZZZ&jc=0001462353&ec=DEFZZZ,2/7/2026 22:04
1462318,Intern - DevOps (1),Fortude,1462318,577,438,Please refer to the attached advert and click to apply,Thu Jan 29 2026,Thu Feb 12 2026,,https://www.topjobs.lk/employer/JobAdvertismentServlet?ac=0000000438&jc=0001462318&ec=0000000577,2/7/2026 22:04
1461713,Intern - Quality Assurance,Auradot (Pvt) Ltd,1461713,DEFZZZ,DEFZZZ,Please refer the vacancy,Thu Jan 29 2026,Thu Feb 12 2026,Colombo 7,https://www.topjobs.lk/employer/JobAdvertismentServlet?ac=DEFZZZ&jc=0001461713&ec=DEFZZZ,2/7/2026 22:04
1461705,Intern - Software Engineering,Auradot (Pvt) Ltd,1461705,DEFZZZ,DEFZZZ,Please refer the vacancy,Thu Jan 29 2026,Thu Feb 12 2026,Colombo 7,https://www.topjobs.lk/employer/JobAdvertismentServlet?ac=DEFZZZ&jc=0001461705&ec=DEFZZZ,2/7/2026 22:04
1461079,Software Engineer - Intern,Ashkanet IT Solutions (Private) Limited,1461079,DEFZZZ,DEFZZZ,Please refer the vacancy,Tue Jan 27 2026,Tue Feb 10 2026,Panadura,https://www.topjobs.lk/employer/JobAdvertismentServlet?ac=DEFZZZ&jc=0001461079&ec=DEFZZZ,2/7/2026 22:04
1460826,Software Engineers Internship,Xaventra (Private) Limited,1460826,DEFZZZ,DEFZZZ,Please refer the vacancy,Tue Jan 27 2026,Tue Feb 10 2026,Colombo 1,https://www.topjobs.lk/employer/JobAdvertismentServlet?ac=DEFZZZ&jc=0001460826&ec=DEFZZZ,2/7/2026 22:04
1460457,Intern - Plant Lean Enterprise  (1),MAS Intimates,1460457,374,94,Please click the advert to apply.,Mon Jan 26 2026,Mon Feb 09 2026,,https://www.topjobs.lk/employer/JobAdvertismentServlet?ac=0000000094&jc=0001460457&ec=0000000374,2/7/2026 22:04
1460350,Graphic Designer - Intern,Siripela Holdings,1460350,DEFZZZ,DEFZZZ,Please refer the vacancy,Mon Jan 26 2026,Mon Feb 09 2026,Yakkala,https://www.topjobs.lk/employer/JobAdvertismentServlet?ac=DEFZZZ&jc=0001460350&ec=DEFZZZ,2/7/2026 22:04
1368949,Intern ? Information Technology (1),John Keells IT,1368949,313,49,Please refer the Advert.,Wed Jan 21 2026,Sat Feb 21 2026,Colombo 2,https://www.topjobs.lk/employer/JobAdvertismentServlet?ac=0000000049&jc=0001368949&ec=0000000313,2/7/2026 22:04
1453888,SE Intern - Development  (1),Infor,1453888,456,342,Pls refer the advert,Fri Jan 09 2026,Tue Mar 31 2026,Colombo 3,https://www.topjobs.lk/employer/JobAdvertismentServlet?ac=0000000342&jc=0001453888&ec=0000000456,2/7/2026 22:04
1465263,Software Engineer - Intern,SPOS (Pvt) Ltd,1465263,DEFZZZ,DEFZZZ,Please refer the vacancy,Fri Feb 06 2026,Fri Feb 20 2026,Kuliyapitiya,https://www.topjobs.lk/employer/JobAdvertismentServlet?ac=DEFZZZ&jc=0001465263&ec=DEFZZZ,2/7/2026 22:05
1465101,Intern - Project Management,One Billion Tech (Pvt) Ltd,1465101,DEFZZZ,DEFZZZ,Please refer the vacancy,Fri Feb 06 2026,Fri Feb 20 2026,Colombo 1,https://www.topjobs.lk/employer/JobAdvertismentServlet?ac=DEFZZZ&jc=0001465101&ec=DEFZZZ,2/7/2026 22:05
1462769,Software Engineer Intern,Shopbook Technologies (Pvt) Ltd,1462769,DEFZZZ,DEFZZZ,Please refer the vacancy,Fri Feb 06 2026,Fri Feb 13 2026,Colombo 3,https://www.topjobs.lk/employer/JobAdvertismentServlet?ac=DEFZZZ&jc=0001462769&ec=DEFZZZ,2/7/2026 22:05
1464747,Embedded Systems Intern,InspireX Private Ltd,1464747,DEFZZZ,DEFZZZ,Please refer the vacancy,Thu Feb 05 2026,Thu Feb 19 2026,Nawala,https://www.topjobs.lk/employer/JobAdvertismentServlet?ac=DEFZZZ&jc=0001464747&ec=DEFZZZ,2/7/2026 22:05
1464717,Graphic Designer (Internship),Spherehead Technologies LLC,1464717,DEFZZZ,DEFZZZ,Please refer the vacancy,Thu Feb 05 2026,Thu Feb 19 2026,Colombo 1,https://www.topjobs.lk/employer/JobAdvertismentServlet?ac=DEFZZZ&jc=0001464717&ec=DEFZZZ,2/7/2026 22:05
1464715,Full Stake Developer (Internship),Spherehead Technologies LLC,1464715,DEFZZZ,DEFZZZ,Please refer the vacancy,Thu Feb 05 2026,Thu Feb 19 2026,Colombo 1,https://www.topjobs.lk/employer/JobAdvertismentServlet?ac=DEFZZZ&jc=0001464715&ec=DEFZZZ,2/7/2026 22:05
1464083,Junior | Senior | Intern  Graphic Designers,Business Third Eye Private Limited,1464083,DEFZZZ,DEFZZZ,Please refer the vacancy,Tue Feb 03 2026,Tue Feb 17 2026,Rajagiriya,https://www.topjobs.lk/employer/JobAdvertismentServlet?ac=DEFZZZ&jc=0001464083&ec=DEFZZZ,2/7/2026 22:05
1463980,Senior | Junior | Interns - Video Editors,Business Third Eye Private Limited,1463980,DEFZZZ,DEFZZZ,Please refer the vacancy,Tue Feb 03 2026,Tue Feb 17 2026,Rajagiriya,https://www.topjobs.lk/employer/JobAdvertismentServlet?ac=DEFZZZ&jc=0001463980&ec=DEFZZZ,2/7/2026 22:05
1462377,Creative Design Intern,Vixo Labs,1462377,DEFZZZ,DEFZZZ,Please refer the vacancy,Fri Jan 30 2026,Fri Feb 13 2026,Kelaniya,https://www.topjobs.lk/employer/JobAdvertismentServlet?ac=DEFZZZ&jc=0001462377&ec=DEFZZZ,2/7/2026 22:05
1462353,Quality Assurance Intern,Shopbook Technologies (Pvt) Ltd,1462353,DEFZZZ,DEFZZZ,Please refer the vacancy,Thu Jan 29 2026,Thu Feb 12 2026,Colombo 3,https://www.topjobs.lk/employer/JobAdvertismentServlet?ac=DEFZZZ&jc=0001462353&ec=DEFZZZ,2/7/2026 22:05
1462318,Intern - DevOps (1),Fortude,1462318,577,438,Please refer to the attached advert and click to apply,Thu Jan 29 2026,Thu Feb 12 2026,,https://www.topjobs.lk/employer/JobAdvertismentServlet?ac=0000000438&jc=0001462318&ec=0000000577,2/7/2026 22:05
1461713,Intern - Quality Assurance,Auradot (Pvt) Ltd,1461713,DEFZZZ,DEFZZZ,Please refer the vacancy,Thu Jan 29 2026,Thu Feb 12 2026,Colombo 7,https://www.topjobs.lk/employer/JobAdvertismentServlet?ac=DEFZZZ&jc=0001461713&ec=DEFZZZ,2/7/2026 22:05
1461705,Intern - Software Engineering,Auradot (Pvt) Ltd,1461705,DEFZZZ,DEFZZZ,Please refer the vacancy,Thu Jan 29 2026,Thu Feb 12 2026,Colombo 7,https://www.topjobs.lk/employer/JobAdvertismentServlet?ac=DEFZZZ&jc=0001461705&ec=DEFZZZ,2/7/2026 22:05
1461079,Software Engineer - Intern,Ashkanet IT Solutions (Private) Limited,1461079,DEFZZZ,DEFZZZ,Please refer the vacancy,Tue Jan 27 2026,Tue Feb 10 2026,Panadura,https://www.topjobs.lk/employer/JobAdvertismentServlet?ac=DEFZZZ&jc=0001461079&ec=DEFZZZ,2/7/2026 22:05
1460826,Software Engineers Internship,Xaventra (Private) Limited,1460826,DEFZZZ,DEFZZZ,Please refer the vacancy,Tue Jan 27 2026,Tue Feb 10 2026,Colombo 1,https://www.topjobs.lk/employer/JobAdvertismentServlet?ac=DEFZZZ&jc=0001460826&ec=DEFZZZ,2/7/2026 22:05
1460457,Intern - Plant Lean Enterprise  (1),MAS Intimates,1460457,374,94,Please click the advert to apply.,Mon Jan 26 2026,Mon Feb 09 2026,,https://www.topjobs.lk/employer/JobAdvertismentServlet?ac=0000000094&jc=0001460457&ec=0000000374,2/7/2026 22:05
1460350,Graphic Designer - Intern,Siripela Holdings,1460350,DEFZZZ,DEFZZZ,Please refer the vacancy,Mon Jan 26 2026,Mon Feb 09 2026,Yakkala,https://www.topjobs.lk/employer/JobAdvertismentServlet?ac=DEFZZZ&jc=0001460350&ec=DEFZZZ,2/7/2026 22:05
1368949,Intern ? Information Technology (1),John Keells IT,1368949,313,49,Please refer the Advert.,Wed Jan 21 2026,Sat Feb 21 2026,Colombo 2,https://www.topjobs.lk/employer/JobAdvertismentServlet?ac=0000000049&jc=0001368949&ec=0000000313,2/7/2026 22:05
1453888,SE Intern - Development  (1),Infor,1453888,456,342,Pls refer the advert,Fri Jan 09 2026,Tue Mar 31 2026,Colombo 3,https://www.topjobs.lk/employer/JobAdvertismentServlet?ac=0000000342&jc=0001453888&ec=0000000456,2/7/2026 22:05
,,,,,,,,,,,
,,,,,,,,,,,
,,,,,,,,,,,
,,,,,,,,,,,
