job_number,title,company,job_code,employer_code,ad_code,description,opening_date,closing_date,location,url,scraped_at,functional_area
1,ICT Manager,IBS University,0001486203,DEFZZZ,DEFZZZ,"Papua New Guinea, followed by IBS University",Thu Apr 02 2026,Thu Apr 16 2026,Port Moresby,https://www.topjobs.lk/employer/JobAdvertismentServlet?rid=0&ac=DEFZZZ&jc=0001486203&ec=DEFZZZ,2026-04-02 11:34:15,SDQ
2,Web Developer (Odoo Focused),Coldco Group,0001486190,DEFZZZ,DEFZZZ,Please refer the vacancy,Thu Apr 02 2026,Thu Apr 16 2026,Colombo,https://www.topjobs.lk/employer/JobAdvertismentServlet?rid=0&ac=DEFZZZ&jc=0001486190&ec=DEFZZZ,2026-04-02 11:34:15,SDQ
3,Manager - Infrastructure & Cloud,CBL Corporate Services (Pvt) Ltd,0001486184,DEFZZZ,DEFZZZ,Please refer the vacancy,Thu Apr 02 2026,Thu Apr 16 2026,Pannipitiya,https://www.topjobs.lk/employer/JobAdvertismentServlet?rid=0&ac=DEFZZZ&jc=0001486184&ec=DEFZZZ,2026-04-02 11:34:15,SDQ
4,Intern - Software Engineering (Web | Mobile),Cloud Books (Pvt) Ltd,0001486175,DEFZZZ,DEFZZZ,Please refer the vacancy,Thu Apr 02 2026,Thu Apr 16 2026,Colombo 5,https://www.topjobs.lk/employer/JobAdvertismentServlet?rid=0&ac=DEFZZZ&jc=0001486175&ec=DEFZZZ,2026-04-02 11:34:15,SDQ
5,Senior Consultant / Consultant - Technical Workday HCM (2),Deloitte,0001486093,0000000410,0000000311,please refer to the advert.,Thu Apr 02 2026,Thu Apr 30 2026,,https://www.topjobs.lk/employer/JobAdvertismentServlet?rid=0&ac=0000000311&jc=0001486093&ec=0000000410,2026-04-02 11:34:15,SDQ
6,Senior Consultant or Consultant Technical HCM (2),Deloitte,0001486092,0000000410,0000000311,Please refer to the advert.,Thu Apr 02 2026,Thu Apr 30 2026,,https://www.topjobs.lk/employer/JobAdvertismentServlet?rid=0&ac=0000000311&jc=0001486092&ec=0000000410,2026-04-02 11:34:15,SDQ
7,Project Manager,Epic Lanka (Pvt) Ltd,0001486044,0000000651,0000000484,Please refer the vacancy,Thu Apr 02 2026,Tue Apr 14 2026,Battaramulla,https://www.topjobs.lk/employer/JobAdvertismentServlet?rid=0&ac=0000000484&jc=0001486044&ec=0000000651,2026-04-02 11:34:15,SDQ
8,System Analyst (Associate/ Trainee),Afisol (Pvt) Ltd,0001485977,DEFZZZ,DEFZZZ,Immediate Vacancies for Associate System Analyst/ Trainee  System Analyst Position,Thu Apr 02 2026,Tue Apr 14 2026,Kottawa,https://www.topjobs.lk/employer/JobAdvertismentServlet?rid=0&ac=DEFZZZ&jc=0001485977&ec=DEFZZZ,2026-04-02 11:34:15,SDQ
9,Senior Project Manager,Epic Lanka (Pvt) Ltd,0001485954,0000000651,0000000484,Please Refer the Vacancy,Thu Apr 02 2026,Tue Apr 14 2026,Battaramulla,https://www.topjobs.lk/employer/JobAdvertismentServlet?rid=0&ac=0000000484&jc=0001485954&ec=0000000651,2026-04-02 11:34:15,SDQ
10,Graphic Designer,IPOSG,0001484048,DEFZZZ,DEFZZZ,Please refer the vacancy,Thu Apr 02 2026,Wed Apr 08 2026,Colombo 6,https://www.topjobs.lk/employer/JobAdvertismentServlet?rid=0&ac=DEFZZZ&jc=0001484048&ec=DEFZZZ,2026-04-02 11:34:15,SDQ
11,Graphic Designer,Asian Campus,0001484044,DEFZZZ,DEFZZZ,Please refer the vacancy,Thu Apr 02 2026,Wed Apr 08 2026,Gampaha (Gampaha),https://www.topjobs.lk/employer/JobAdvertismentServlet?rid=0&ac=DEFZZZ&jc=0001484044&ec=DEFZZZ,2026-04-02 11:34:15,SDQ
12,Senior Software Engineer in Test (SDET),Ateam Software Pvt Ltd,0001483462,DEFZZZ,DEFZZZ,Please refer the vacancy,Thu Apr 02 2026,Tue Apr 07 2026,Colombo,https://www.topjobs.lk/employer/JobAdvertismentServlet?rid=0&ac=DEFZZZ&jc=0001483462&ec=DEFZZZ,2026-04-02 11:34:15,SDQ
13,Full Stack Developer (React | .Net),Ateam Software Pvt Ltd,0001483460,DEFZZZ,DEFZZZ,Please refer the vacancy,Thu Apr 02 2026,Tue Apr 07 2026,Colombo,https://www.topjobs.lk/employer/JobAdvertismentServlet?rid=0&ac=DEFZZZ&jc=0001483460&ec=DEFZZZ,2026-04-02 11:34:15,SDQ
14,Creative Designer,Medfuture,0001483275,DEFZZZ,DEFZZZ,Please refer the vacancy,Thu Apr 02 2026,Tue Apr 07 2026,Colombo 3,https://www.topjobs.lk/employer/JobAdvertismentServlet?rid=0&ac=DEFZZZ&jc=0001483275&ec=DEFZZZ,2026-04-02 11:34:15,SDQ
15,Technical Project Manager - Part Time,Datamtx Labs,0001481891,DEFZZZ,DEFZZZ,Please refer the vacancy,Thu Apr 02 2026,Fri Apr 03 2026,Colombo,https://www.topjobs.lk/employer/JobAdvertismentServlet?rid=0&ac=DEFZZZ&jc=0001481891&ec=DEFZZZ,2026-04-02 11:34:15,SDQ
16,Senior Software Engineer - Support,Ateam Software Pvt Ltd,0001481650,DEFZZZ,DEFZZZ,Please refer the vacancy,Thu Apr 02 2026,Thu Apr 02 2026,Colombo,https://www.topjobs.lk/employer/JobAdvertismentServlet?rid=0&ac=DEFZZZ&jc=0001481650&ec=DEFZZZ,2026-04-02 11:34:15,SDQ
17,Application Support Engineer,Ateam Software Pvt Ltd,0001481649,DEFZZZ,DEFZZZ,Please refer the vacancy,Thu Apr 02 2026,Thu Apr 02 2026,Colombo,https://www.topjobs.lk/employer/JobAdvertismentServlet?rid=0&ac=DEFZZZ&jc=0001481649&ec=DEFZZZ,2026-04-02 11:34:15,SDQ
18,Graphic Designer & Video Editor,K.C. Overseas,0001479731,DEFZZZ,DEFZZZ,Please refer the vacancy,Thu Apr 02 2026,Mon Apr 13 2026,Colombo,https://www.topjobs.lk/employer/JobAdvertismentServlet?rid=0&ac=DEFZZZ&jc=0001479731&ec=DEFZZZ,2026-04-02 11:34:15,SDQ
19,Associate Project Manager  (1),CMS (Pvt) Ltd,0001455608,0000000350,0000000271,Please click on the advertisement to apply,Thu Apr 02 2026,Thu Apr 09 2026,Colombo 2,https://www.topjobs.lk/employer/JobAdvertismentServlet?rid=0&ac=0000000271&jc=0001455608&ec=0000000350,2026-04-02 11:34:15,SDQ
20,Senior SQL Developer (1),CMS (Pvt) Ltd,0001421034,0000000350,0000000271,Please click on the advertisement to apply,Thu Apr 02 2026,Thu Apr 09 2026,Colombo 2,https://www.topjobs.lk/employer/JobAdvertismentServlet?rid=0&ac=0000000271&jc=0001421034&ec=0000000350,2026-04-02 11:34:15,SDQ
21,Big Data Engineer (1),CMS (Pvt) Ltd,0001420855,0000000350,0000000271,Please click on the advertisement to apply,Thu Apr 02 2026,Thu Apr 09 2026,Colombo 2,https://www.topjobs.lk/employer/JobAdvertismentServlet?rid=0&ac=0000000271&jc=0001420855&ec=0000000350,2026-04-02 11:34:15,SDQ
22,Senior Executive - Information System Audit  (1),Citizens Development Business Finance PLC,0001486073,0000000540,0000000411,Please refer the job advert for further details.,Wed Apr 01 2026,Wed Apr 15 2026,Colombo 10,https://www.topjobs.lk/employer/JobAdvertismentServlet?rid=0&ac=0000000411&jc=0001486073&ec=0000000540,2026-04-02 11:34:15,SDQ
23,Senior Software Engineer - PostgreSQL & Backend Systems (1),Bileeta (Private) Limited,0001486028,0000000417,0000000318,Please refer the advertisement,Tue Mar 31 2026,Tue Apr 07 2026,Colombo 5,https://www.topjobs.lk/employer/JobAdvertismentServlet?rid=0&ac=0000000318&jc=0001486028&ec=0000000417,2026-04-02 11:34:15,SDQ
24,Project Coordinator - ERP,Tech Pacific Solutions (Pvt) Ltd,0001485950,DEFZZZ,DEFZZZ,Please refer the vacancy,Tue Mar 31 2026,Tue Apr 14 2026,Colombo,https://www.topjobs.lk/employer/JobAdvertismentServlet?rid=0&ac=DEFZZZ&jc=0001485950&ec=DEFZZZ,2026-04-02 11:34:15,SDQ
25,Graphic Designer (Page Layout),Upali Newspapers (Pvt) Ltd,0001485938,DEFZZZ,DEFZZZ,Please refer the vacancy,Tue Mar 31 2026,Tue Apr 14 2026,Colombo 13,https://www.topjobs.lk/employer/JobAdvertismentServlet?rid=0&ac=DEFZZZ&jc=0001485938&ec=DEFZZZ,2026-04-02 11:34:15,SDQ
26,Software Engineer -Mobile  (1),Jobfactory,0001485933,0000000492,0000000375,Hybrid Mode,Tue Mar 31 2026,Tue Apr 14 2026,Colombo,https://www.topjobs.lk/employer/JobAdvertismentServlet?rid=0&ac=0000000375&jc=0001485933&ec=0000000492,2026-04-02 11:34:15,SDQ
27,Software Engineer - Frontend  (1),Jobfactory,0001485930,0000000492,0000000375,Hybrid,Tue Mar 31 2026,Tue Apr 14 2026,Colombo,https://www.topjobs.lk/employer/JobAdvertismentServlet?rid=0&ac=0000000375&jc=0001485930&ec=0000000492,2026-04-02 11:34:15,SDQ
28,Senior Software Engineer | Software Engineer,HRC Labs,0001485921,DEFZZZ,DEFZZZ,Please refer the vacancy,Tue Mar 31 2026,Tue Apr 14 2026,Colombo 8,https://www.topjobs.lk/employer/JobAdvertismentServlet?rid=0&ac=DEFZZZ&jc=0001485921&ec=DEFZZZ,2026-04-02 11:34:15,SDQ
29,Designer,Leisure Sports Holdings,0001485917,DEFZZZ,DEFZZZ,Please refer the vacancy,Tue Mar 31 2026,Tue Apr 14 2026,Colombo 1,https://www.topjobs.lk/employer/JobAdvertismentServlet?rid=0&ac=DEFZZZ&jc=0001485917&ec=DEFZZZ,2026-04-02 11:34:15,SDQ
30,Software Engineer - Frontend (1),Jobfactory,0001485892,0000000492,0000000375,Remote (06 month Contract),Tue Mar 31 2026,Tue Apr 21 2026,Colombo,https://www.topjobs.lk/employer/JobAdvertismentServlet?rid=0&ac=0000000375&jc=0001485892&ec=0000000492,2026-04-02 11:34:15,SDQ
31,DIGITAL MARKETING CONTENT CREATOR (1),Maritime International Limited,0001485879,0000000361,0000000274,"Our client, one of the leading Construction company in Maldives, is looking Digital Marketing Content Creator. Please refer below Topjobs advertisement for ....",Tue Mar 31 2026,Thu Apr 02 2026,,https://www.topjobs.lk/employer/JobAdvertismentServlet?rid=0&ac=0000000274&jc=0001485879&ec=0000000361,2026-04-02 11:34:15,SDQ
32,Manager - IT Services,Gamma Pizzakraft Lanka (Pvt) Ltd,0001485869,DEFZZZ,DEFZZZ,Please refer the vacancy,Tue Mar 31 2026,Tue Apr 14 2026,Colombo 2,https://www.topjobs.lk/employer/JobAdvertismentServlet?rid=0&ac=DEFZZZ&jc=0001485869&ec=DEFZZZ,2026-04-02 11:34:15,SDQ
33,Graphic Designer,Edwards Collection,0001485862,DEFZZZ,DEFZZZ,Please refer the vacancy,Tue Mar 31 2026,Tue Apr 14 2026,Colombo 7,https://www.topjobs.lk/employer/JobAdvertismentServlet?rid=0&ac=DEFZZZ&jc=0001485862&ec=DEFZZZ,2026-04-02 11:34:15,SDQ
34,Data Engineer,George Steuart Optimize (Pvt) Ltd,0001485858,DEFZZZ,DEFZZZ,Please refer the vacancy,Tue Mar 31 2026,Tue Apr 14 2026,Colombo 3,https://www.topjobs.lk/employer/JobAdvertismentServlet?rid=0&ac=DEFZZZ&jc=0001485858&ec=DEFZZZ,2026-04-02 11:34:15,SDQ
35,Virtual Assistant - Digital Authority & AI Visibility,TeamIn Holdings (Pvt) Ltd,0001485777,DEFZZZ,DEFZZZ,Please refer the vacancy,Tue Mar 31 2026,Tue Apr 14 2026,Pepiliyana,https://www.topjobs.lk/employer/JobAdvertismentServlet?rid=0&ac=DEFZZZ&jc=0001485777&ec=DEFZZZ,2026-04-02 11:34:15,SDQ
36,GRAPHIC DESIGNER (1),EURO MOTORS (PVT) LTD,0001485753,0000000672,0000000390,*Work Location: Kirulapone * The candidate should possess qualifications and experience in the related field,Tue Mar 31 2026,Tue Apr 07 2026,"Colombo 6, Kirulapana",https://www.topjobs.lk/employer/JobAdvertismentServlet?rid=0&ac=0000000390&jc=0001485753&ec=0000000672,2026-04-02 11:34:15,SDQ
37,IT Officer - Junior,JSW Apparels (Pvt) Ltd,0001485716,DEFZZZ,DEFZZZ,Please refer the vacancy,Tue Mar 31 2026,Tue Apr 14 2026,All island,https://www.topjobs.lk/employer/JobAdvertismentServlet?rid=0&ac=DEFZZZ&jc=0001485716&ec=DEFZZZ,2026-04-02 11:34:15,SDQ
38,Associate Software Engineer,HRC Labs,0001485698,DEFZZZ,DEFZZZ,Please refer the vacancy,Tue Mar 31 2026,Tue Apr 14 2026,Colombo 8,https://www.topjobs.lk/employer/JobAdvertismentServlet?rid=0&ac=DEFZZZ&jc=0001485698&ec=DEFZZZ,2026-04-02 11:34:15,SDQ
39,Senior Digital Media Executive   (1),Softlogic Holdings PLC,0001485681,0000000068,0000000062,Please refer the advertisement,Tue Mar 31 2026,Tue Apr 07 2026,,https://www.topjobs.lk/employer/JobAdvertismentServlet?rid=0&ac=0000000062&jc=0001485681&ec=0000000068,2026-04-02 11:34:15,SDQ
40,Executive - Creative Production (1),JKH Property Group,0001485622,0000000312,0000000049,Please refer the job advert.,Tue Mar 31 2026,Tue Apr 07 2026,,https://www.topjobs.lk/employer/JobAdvertismentServlet?rid=0&ac=0000000049&jc=0001485622&ec=0000000312,2026-04-02 11:34:15,SDQ
41,AM/General Manager - Base Management (1),George Bernard (Pvt) Ltd,0001485619,0000000654,0000000486,Please refer to the job description.,Tue Mar 31 2026,Tue Apr 07 2026,,https://www.topjobs.lk/employer/JobAdvertismentServlet?rid=0&ac=0000000486&jc=0001485619&ec=0000000654,2026-04-02 11:34:15,SDQ
42,Social Media Specialist  (1),George Bernard (Pvt) Ltd,0001485617,0000000654,0000000486,Please refer to the job description.,Tue Mar 31 2026,Tue Apr 07 2026,,https://www.topjobs.lk/employer/JobAdvertismentServlet?rid=0&ac=0000000486&jc=0001485617&ec=0000000654,2026-04-02 11:34:15,SDQ
43,Python Architect (1),George Bernard (Pvt) Ltd,0001485616,0000000654,0000000486,Please refer to the job description.,Tue Mar 31 2026,Tue Apr 07 2026,,https://www.topjobs.lk/employer/JobAdvertismentServlet?rid=0&ac=0000000486&jc=0001485616&ec=0000000654,2026-04-02 11:34:15,SDQ
44,Product Manager (1),George Bernard (Pvt) Ltd,0001485615,0000000654,0000000486,Please refer to the job description.,Tue Mar 31 2026,Tue Apr 14 2026,,https://www.topjobs.lk/employer/JobAdvertismentServlet?rid=0&ac=0000000486&jc=0001485615&ec=0000000654,2026-04-02 11:34:15,SDQ
45,Technical Recruiter (1),George Bernard (Pvt) Ltd,0001485614,0000000654,0000000486,Please refer to the job description.,Mon Mar 30 2026,Mon Apr 13 2026,,https://www.topjobs.lk/employer/JobAdvertismentServlet?rid=0&ac=0000000486&jc=0001485614&ec=0000000654,2026-04-02 11:34:15,SDQ
46,Graphic Designer,Unikey Global,0001485576,DEFZZZ,DEFZZZ,Please refer the vacancy,Mon Mar 30 2026,Mon Apr 13 2026,Colombo,https://www.topjobs.lk/employer/JobAdvertismentServlet?rid=0&ac=DEFZZZ&jc=0001485576&ec=DEFZZZ,2026-04-02 11:34:15,SDQ
47,Graphic Designer,Spark Media (Pvt) Ltd,0001485550,DEFZZZ,DEFZZZ,Please refer the vacancy,Mon Mar 30 2026,Mon Apr 13 2026,Colombo,https://www.topjobs.lk/employer/JobAdvertismentServlet?rid=0&ac=DEFZZZ&jc=0001485550&ec=DEFZZZ,2026-04-02 11:34:15,SDQ
48,AI Evangelist (1),Hirdaramani - H CONNECT (PVT) LIMITED,0001485527,0000000603,0000000064,Please refer the Job Advert,Mon Mar 30 2026,Mon Apr 06 2026,,https://www.topjobs.lk/employer/JobAdvertismentServlet?rid=0&ac=0000000064&jc=0001485527&ec=0000000603,2026-04-02 11:34:15,SDQ
49,Associate Functional Consultant - Finance Solutions (1),Hirdaramani - H CONNECT (PVT) LIMITED,0001485526,0000000603,0000000064,Please refer the Job Advert,Mon Mar 30 2026,Mon Apr 06 2026,,https://www.topjobs.lk/employer/JobAdvertismentServlet?rid=0&ac=0000000064&jc=0001485526&ec=0000000603,2026-04-02 11:34:15,SDQ
50,Graphic Designer - Digital & Multimedia,FoodBuzz (Pvt) Ltd,0001485517,DEFZZZ,DEFZZZ,Please refer the vacancy,Mon Mar 30 2026,Mon Apr 13 2026,Colombo,https://www.topjobs.lk/employer/JobAdvertismentServlet?rid=0&ac=DEFZZZ&jc=0001485517&ec=DEFZZZ,2026-04-02 11:34:15,SDQ
51,Graphic and Communications Designer,Geoffrey Bawa Trust,0001485451,DEFZZZ,DEFZZZ,Please refer the vacancy,Mon Mar 30 2026,Mon Apr 13 2026,Colombo 7,https://www.topjobs.lk/employer/JobAdvertismentServlet?rid=0&ac=DEFZZZ&jc=0001485451&ec=DEFZZZ,2026-04-02 11:34:15,SDQ
52,Graphic Designer,International Trimmings & Labels Lanka (Private) Limited,0001485434,DEFZZZ,DEFZZZ,Please refer the vacancy,Mon Mar 30 2026,Mon Apr 13 2026,Thalawathugoda,https://www.topjobs.lk/employer/JobAdvertismentServlet?rid=0&ac=DEFZZZ&jc=0001485434&ec=DEFZZZ,2026-04-02 11:34:15,SDQ
53,Master Data Administration Executive (1),Michelin,0001485433,0000000192,0000000160,Click on the advertisement to apply.,Mon Mar 30 2026,Mon Apr 20 2026,Colombo,https://www.topjobs.lk/employer/JobAdvertismentServlet?rid=0&ac=0000000160&jc=0001485433&ec=0000000192,2026-04-02 11:34:15,SDQ
54,Full-Stack Developers,Multiblity (Pvt) Ltd,0001485403,DEFZZZ,DEFZZZ,Full-Stack Developers / Work From Home / Full time,Mon Mar 30 2026,Mon Apr 13 2026,Colombo,https://www.topjobs.lk/employer/JobAdvertismentServlet?rid=0&ac=DEFZZZ&jc=0001485403&ec=DEFZZZ,2026-04-02 11:34:15,SDQ
55,unior IT Infrastructure Support Engineer (1),Micronet Global Services (Pvt) Ltd,0001485401,0000000552,0000000419,Male Candidate Only,Mon Mar 30 2026,Mon Apr 13 2026,Colombo,https://www.topjobs.lk/employer/JobAdvertismentServlet?rid=0&ac=0000000419&jc=0001485401&ec=0000000552,2026-04-02 11:34:15,SDQ
56,HR Data Analyst,Ernst & Young,0001485335,DEFZZZ,DEFZZZ,Please refer the vacancy,Mon Mar 30 2026,Mon Apr 13 2026,Colombo 3,https://www.topjobs.lk/employer/JobAdvertismentServlet?rid=0&ac=DEFZZZ&jc=0001485335&ec=DEFZZZ,2026-04-02 11:34:15,SDQ
57,Consultant,Janathakshan,0001485330,DEFZZZ,DEFZZZ,Please refer the vacancy,Mon Mar 30 2026,Mon Apr 13 2026,Colombo,https://www.topjobs.lk/employer/JobAdvertismentServlet?rid=0&ac=DEFZZZ&jc=0001485330&ec=DEFZZZ,2026-04-02 11:34:15,SDQ
58,EDI System Analyst (US Calendar - US Shift) (1),H Connect International (Pvt) Ltd,0001485328,0000000445,0000000064,Please refer to the job advert.,Mon Mar 30 2026,Mon Apr 06 2026,,https://www.topjobs.lk/employer/JobAdvertismentServlet?rid=0&ac=0000000064&jc=0001485328&ec=0000000445,2026-04-02 11:34:15,SDQ
59,Graphic Designer,College of Contract Management United Kingdom,0001485318,DEFZZZ,DEFZZZ,Please refer the vacancy,Mon Mar 30 2026,Mon Apr 13 2026,Colombo 3,https://www.topjobs.lk/employer/JobAdvertismentServlet?rid=0&ac=DEFZZZ&jc=0001485318&ec=DEFZZZ,2026-04-02 11:34:15,SDQ
60,Senior Associate - Data Analytics (Power BI & Microsoft Ecosystem) (US Calendar - US Shift) (1),H Connect International (Pvt) Ltd,0001485316,0000000445,0000000064,Please refer to the job advert.,Mon Mar 30 2026,Mon Apr 06 2026,,https://www.topjobs.lk/employer/JobAdvertismentServlet?rid=0&ac=0000000064&jc=0001485316&ec=0000000445,2026-04-02 11:34:15,SDQ
61,Senior Consultant ? SAP RE-FX (1),John Keells IT,0001485285,0000000313,0000000049,Please refer the advert,Mon Mar 30 2026,Wed Apr 29 2026,Colombo 2,https://www.topjobs.lk/employer/JobAdvertismentServlet?rid=0&ac=0000000049&jc=0001485285&ec=0000000313,2026-04-02 11:34:15,SDQ
62,Intern ? Data Science & Analytics (1),MAS Holdings,0001485255,0000000111,0000000094,Click on advert to apply,Mon Mar 30 2026,Mon Apr 13 2026,Malabe,https://www.topjobs.lk/employer/JobAdvertismentServlet?rid=0&ac=0000000094&jc=0001485255&ec=0000000111,2026-04-02 11:34:15,SDQ
63,Executive - System Engineer (AUS Calendar - AUS Shift) (1),H Connect International (Pvt) Ltd,0001485204,0000000445,0000000064,Please refer to the job advert.,Mon Mar 30 2026,Mon Apr 06 2026,,https://www.topjobs.lk/employer/JobAdvertismentServlet?rid=0&ac=0000000064&jc=0001485204&ec=0000000445,2026-04-02 11:34:15,SDQ
64,Senior Consultant ? Extended Warehouse Management (1),John Keells IT,0001485198,0000000313,0000000049,Please refer the advert,Mon Mar 30 2026,Wed Apr 29 2026,Colombo 2,https://www.topjobs.lk/employer/JobAdvertismentServlet?rid=0&ac=0000000049&jc=0001485198&ec=0000000313,2026-04-02 11:34:15,SDQ
65,Senior Consultant - Sourcing and Procurement (1),John Keells IT,0001485182,0000000313,0000000049,Please refer the advert,Mon Mar 30 2026,Wed Apr 29 2026,Colombo 2,https://www.topjobs.lk/employer/JobAdvertismentServlet?rid=0&ac=0000000049&jc=0001485182&ec=0000000313,2026-04-02 11:34:15,SDQ
66,Web Developer,Amber Business Solutions (Pvt) Ltd,0001485171,DEFZZZ,DEFZZZ,Please refer the vacancy,Mon Mar 30 2026,Mon Apr 13 2026,Batticaloa,https://www.topjobs.lk/employer/JobAdvertismentServlet?rid=0&ac=DEFZZZ&jc=0001485171&ec=DEFZZZ,2026-04-02 11:34:15,SDQ
67,Graphic Designer,Eco Transfer Prints (Pvt) Ltd,0001485160,DEFZZZ,DEFZZZ,Please refer the vacancy,Mon Mar 30 2026,Mon Apr 13 2026,Nugegoda,https://www.topjobs.lk/employer/JobAdvertismentServlet?rid=0&ac=DEFZZZ&jc=0001485160&ec=DEFZZZ,2026-04-02 11:34:15,SDQ
68,Business Data Analyst,House of Intimates (Pvt) Ltd,0001485158,DEFZZZ,DEFZZZ,Please refer the vacancy,Mon Mar 30 2026,Mon Apr 13 2026,Malabe,https://www.topjobs.lk/employer/JobAdvertismentServlet?rid=0&ac=DEFZZZ&jc=0001485158&ec=DEFZZZ,2026-04-02 11:34:15,SDQ
69,Associate - Business Support (UK Calendar - UK Shift) (1),H Connect International (Pvt) Ltd,0001485133,0000000445,0000000064,Please refer to the job advert.,Mon Mar 30 2026,Mon Apr 06 2026,,https://www.topjobs.lk/employer/JobAdvertismentServlet?rid=0&ac=0000000064&jc=0001485133&ec=0000000445,2026-04-02 11:34:15,SDQ
70,Project Manager,M I S L Holdings Pvt Ltd,0001485099,DEFZZZ,DEFZZZ,Please refer the vacancy,Mon Mar 30 2026,Mon Apr 13 2026,Gampaha (Gampaha),https://www.topjobs.lk/employer/JobAdvertismentServlet?rid=0&ac=DEFZZZ&jc=0001485099&ec=DEFZZZ,2026-04-02 11:34:15,SDQ
71,SAP Executive (Ekala),Sands Active (Pvt) Ltd,0001484754,DEFZZZ,DEFZZZ,Please refer the vacancy,Mon Mar 30 2026,Fri Apr 10 2026,Ekala,https://www.topjobs.lk/employer/JobAdvertismentServlet?rid=0&ac=DEFZZZ&jc=0001484754&ec=DEFZZZ,2026-04-02 11:34:15,SDQ
72,Graphic Designer,Hayleys Group,0001463473,0000000495,0000000377,Join the World of Hayleys.,Mon Mar 30 2026,Mon Apr 13 2026,,https://www.topjobs.lk/employer/JobAdvertismentServlet?rid=0&ac=0000000377&jc=0001463473&ec=0000000495,2026-04-02 11:34:15,SDQ
73,Executive - Creative Production (1),JKH Property Group,0001485059,0000000312,0000000049,Please refer the job advert.,Sun Mar 29 2026,Sun Apr 12 2026,,https://www.topjobs.lk/employer/JobAdvertismentServlet?rid=0&ac=0000000049&jc=0001485059&ec=0000000312,2026-04-02 11:34:15,SDQ
74,Intern - Data Analytics (1),JKH Property Group,0001485056,0000000312,0000000049,Please refer the job advert.,Sun Mar 29 2026,Sun Apr 12 2026,,https://www.topjobs.lk/employer/JobAdvertismentServlet?rid=0&ac=0000000049&jc=0001485056&ec=0000000312,2026-04-02 11:34:15,SDQ
75,Call Center Associate (15),Softlogic Holdings PLC,0001484978,0000000068,0000000062,Please see the advert for more details,Fri Mar 27 2026,Mon Apr 06 2026,,https://www.topjobs.lk/employer/JobAdvertismentServlet?rid=0&ac=0000000062&jc=0001484978&ec=0000000068,2026-04-02 11:34:15,SDQ
76,Creative Designer,Christell Skin Clinic,0001484862,DEFZZZ,DEFZZZ,Please refer the vacancy,Fri Mar 27 2026,Fri Apr 10 2026,Colombo,https://www.topjobs.lk/employer/JobAdvertismentServlet?rid=0&ac=DEFZZZ&jc=0001484862&ec=DEFZZZ,2026-04-02 11:34:15,SDQ
77,Software Engineers,Asian Logistics Solutions (Pvt) Ltd,0001484840,DEFZZZ,DEFZZZ,Please refer the vacancy,Fri Mar 27 2026,Fri Apr 10 2026,Colombo,https://www.topjobs.lk/employer/JobAdvertismentServlet?rid=0&ac=DEFZZZ&jc=0001484840&ec=DEFZZZ,2026-04-02 11:34:15,SDQ
78,Senior Software Engineers,Central Finance Company PLC,0001484808,DEFZZZ,DEFZZZ,Please refer the vacancy,Fri Mar 27 2026,Fri Apr 10 2026,Colombo,https://www.topjobs.lk/employer/JobAdvertismentServlet?rid=0&ac=DEFZZZ&jc=0001484808&ec=DEFZZZ,2026-04-02 11:34:15,SDQ
79,AI Instructor | Workshop Facilitator - Part Time | Full Time,APSS International Networks (Pvt) Ltd,0001484791,DEFZZZ,DEFZZZ,Please refer the vacancy,Fri Mar 27 2026,Fri Apr 10 2026,Colombo,https://www.topjobs.lk/employer/JobAdvertismentServlet?rid=0&ac=DEFZZZ&jc=0001484791&ec=DEFZZZ,2026-04-02 11:34:15,SDQ
80,Data Processors,Traffic Data Centre (Pvt) Ltd,0001484786,DEFZZZ,DEFZZZ,Please refer the vacancy,Fri Mar 27 2026,Fri Apr 10 2026,Ratmalana,https://www.topjobs.lk/employer/JobAdvertismentServlet?rid=0&ac=DEFZZZ&jc=0001484786&ec=DEFZZZ,2026-04-02 11:34:15,SDQ
81,SharePoint Developer  (1),DirectFN,0001484715,0000000661,0000000492,Please refer the advert,Fri Mar 27 2026,Fri Apr 10 2026,,https://www.topjobs.lk/employer/JobAdvertismentServlet?rid=0&ac=0000000492&jc=0001484715&ec=0000000661,2026-04-02 11:34:15,SDQ
82,Software Engineer - Full Stack (1),DirectFN,0001484713,0000000661,0000000492,Please Refer the Advert,Fri Mar 27 2026,Fri Apr 03 2026,,https://www.topjobs.lk/employer/JobAdvertismentServlet?rid=0&ac=0000000492&jc=0001484713&ec=0000000661,2026-04-02 11:34:15,SDQ
83,Senior Project Manager (1),DirectFN,0001484712,0000000661,0000000492,Please refer the advert,Fri Mar 27 2026,Fri Apr 03 2026,,https://www.topjobs.lk/employer/JobAdvertismentServlet?rid=0&ac=0000000492&jc=0001484712&ec=0000000661,2026-04-02 11:34:15,SDQ
84,Senior Project Manager (1),DirectFN,0001484710,0000000661,0000000492,Please refer the advert,Fri Mar 27 2026,Fri Apr 03 2026,,https://www.topjobs.lk/employer/JobAdvertismentServlet?rid=0&ac=0000000492&jc=0001484710&ec=0000000661,2026-04-02 11:34:15,SDQ
85,Senior Software Engineer JAVA 17 (1),DirectFN,0001484611,0000000661,0000000492,Please refer the advert,Fri Mar 27 2026,Fri Apr 10 2026,,https://www.topjobs.lk/employer/JobAdvertismentServlet?rid=0&ac=0000000492&jc=0001484611&ec=0000000661,2026-04-02 11:34:15,SDQ
86,DevOps Engineers,eBEYONDS,0001484605,DEFZZZ,DEFZZZ,Please refer the vacancy,Fri Mar 27 2026,Fri Apr 10 2026,Pannipitiya,https://www.topjobs.lk/employer/JobAdvertismentServlet?rid=0&ac=DEFZZZ&jc=0001484605&ec=DEFZZZ,2026-04-02 11:34:15,SDQ
87,Video Creator | Editor,eBEYONDS,0001484602,DEFZZZ,DEFZZZ,Please refer the vacancy,Fri Mar 27 2026,Fri Apr 10 2026,Pannipitiya,https://www.topjobs.lk/employer/JobAdvertismentServlet?rid=0&ac=DEFZZZ&jc=0001484602&ec=DEFZZZ,2026-04-02 11:34:15,SDQ
88,UI | UX Designer,eBEYONDS,0001484599,DEFZZZ,DEFZZZ,Please refer the vacancy,Fri Mar 27 2026,Fri Apr 10 2026,Pannipitiya,https://www.topjobs.lk/employer/JobAdvertismentServlet?rid=0&ac=DEFZZZ&jc=0001484599&ec=DEFZZZ,2026-04-02 11:34:15,SDQ
89,Mobile Application Developer (1),KPMG Executive Search Private Limited,0001484577,0000000458,0000000343,Please refer the advert,Fri Mar 27 2026,Fri Apr 10 2026,,https://www.topjobs.lk/employer/JobAdvertismentServlet?rid=0&ac=0000000343&jc=0001484577&ec=0000000458,2026-04-02 11:34:15,SDQ
90,Software Engineer (Male),Data Management Systems (Pvt) Ltd,0001484573,0000000266,0000000223,Please refer the advertisement.,Fri Mar 27 2026,Mon Apr 27 2026,,https://www.topjobs.lk/employer/JobAdvertismentServlet?rid=0&ac=0000000223&jc=0001484573&ec=0000000266,2026-04-02 11:34:15,SDQ
91,AI Enablement Lead (1),KPMG Executive Search Private Limited,0001484540,0000000458,0000000343,Please refer the advert,Fri Mar 27 2026,Fri Apr 10 2026,,https://www.topjobs.lk/employer/JobAdvertismentServlet?rid=0&ac=0000000343&jc=0001484540&ec=0000000458,2026-04-02 11:34:15,SDQ
92,Report Developer  (1),Raigam Marketing Services (Pvt) Ltd,0001484539,0000000556,0000000422,Please refer the advertisement.,Fri Mar 27 2026,Fri Apr 03 2026,Kiriwaththuduwa,https://www.topjobs.lk/employer/JobAdvertismentServlet?rid=0&ac=0000000422&jc=0001484539&ec=0000000556,2026-04-02 11:34:15,SDQ
93,Assistant Manager - Information Technology (IT),Melwa Cement (Pvt) Ltd,0001484538,DEFZZZ,DEFZZZ,Please refer the vacancy,Fri Mar 27 2026,Fri Apr 10 2026,Colombo,https://www.topjobs.lk/employer/JobAdvertismentServlet?rid=0&ac=DEFZZZ&jc=0001484538&ec=DEFZZZ,2026-04-02 11:34:15,SDQ
94,RPG Developer (IBM I | AS400),Ceylinco Life Insurance Limited,0001484527,DEFZZZ,DEFZZZ,Please refer the vacancy,Fri Mar 27 2026,Fri Apr 10 2026,Colombo 5,https://www.topjobs.lk/employer/JobAdvertismentServlet?rid=0&ac=DEFZZZ&jc=0001484527&ec=DEFZZZ,2026-04-02 11:34:15,SDQ
95,Internship - UI/UX Designer,Ceylinco Life Insurance Limited,0001484525,DEFZZZ,DEFZZZ,Please refer the vacancy,Fri Mar 27 2026,Fri Apr 10 2026,Colombo 5,https://www.topjobs.lk/employer/JobAdvertismentServlet?rid=0&ac=DEFZZZ&jc=0001484525&ec=DEFZZZ,2026-04-02 11:34:15,SDQ
96,Digital Team Manager,Amber Business Solutions (Pvt) Ltd,0001484524,DEFZZZ,DEFZZZ,Please refer the vacancy,Fri Mar 27 2026,Fri Apr 10 2026,Batticaloa,https://www.topjobs.lk/employer/JobAdvertismentServlet?rid=0&ac=DEFZZZ&jc=0001484524&ec=DEFZZZ,2026-04-02 11:34:15,SDQ
97,Internship - Software Quality Assurance,Ceylinco Life Insurance Limited,0001484518,DEFZZZ,DEFZZZ,Please refer the vacancy,Fri Mar 27 2026,Fri Apr 10 2026,Colombo 5,https://www.topjobs.lk/employer/JobAdvertismentServlet?rid=0&ac=DEFZZZ&jc=0001484518&ec=DEFZZZ,2026-04-02 11:34:15,SDQ
98,Internship - IT Department (Full - Stack Developer),Ceylinco Life Insurance Limited,0001484508,DEFZZZ,DEFZZZ,Please refer the vacancy,Fri Mar 27 2026,Fri Apr 10 2026,Colombo 5,https://www.topjobs.lk/employer/JobAdvertismentServlet?rid=0&ac=DEFZZZ&jc=0001484508&ec=DEFZZZ,2026-04-02 11:34:15,SDQ
99,Internship - IT Department (Business Analyst),Ceylinco Life Insurance Limited,0001484506,DEFZZZ,DEFZZZ,Please refer the vacancy,Fri Mar 27 2026,Fri Apr 10 2026,Colombo 5,https://www.topjobs.lk/employer/JobAdvertismentServlet?rid=0&ac=DEFZZZ&jc=0001484506&ec=DEFZZZ,2026-04-02 11:34:15,SDQ
100,Graphic Designer,Print Make (Pvt) Ltd,0001484503,DEFZZZ,DEFZZZ,Please refer the vacancy,Fri Mar 27 2026,Fri Apr 10 2026,Colombo 5,https://www.topjobs.lk/employer/JobAdvertismentServlet?rid=0&ac=DEFZZZ&jc=0001484503&ec=DEFZZZ,2026-04-02 11:34:15,SDQ
101,Cloud & IT Infrastructure Associate,ESOFT Uni (Pvt) Ltd,0001484492,DEFZZZ,DEFZZZ,Please refer the vacancy,Fri Mar 27 2026,Fri Apr 10 2026,Colombo 4,https://www.topjobs.lk/employer/JobAdvertismentServlet?rid=0&ac=DEFZZZ&jc=0001484492&ec=DEFZZZ,2026-04-02 11:34:15,SDQ
102,Software Engineers,Atera Technologies,0001484483,DEFZZZ,DEFZZZ,Please refer the vacancy,Fri Mar 27 2026,Fri Apr 10 2026,Colombo,https://www.topjobs.lk/employer/JobAdvertismentServlet?rid=0&ac=DEFZZZ&jc=0001484483&ec=DEFZZZ,2026-04-02 11:34:15,SDQ
103,Graphic Designer,Ceylon Hospital,0001484471,DEFZZZ,DEFZZZ,Please refer the vacancy,Fri Mar 27 2026,Fri Apr 10 2026,Yakkala,https://www.topjobs.lk/employer/JobAdvertismentServlet?rid=0&ac=DEFZZZ&jc=0001484471&ec=DEFZZZ,2026-04-02 11:34:15,SDQ
104,Visual Content Associate (1),INNODATA LANKA (PVT) LTD,0001484461,0000000180,0000000148,As per the advert,Thu Mar 26 2026,Thu Apr 09 2026,,https://www.topjobs.lk/employer/JobAdvertismentServlet?rid=0&ac=0000000148&jc=0001484461&ec=0000000180,2026-04-02 11:34:15,SDQ
105,Senior QA Engineer,Kernel Encode (Pvt) Ltd,0001484415,DEFZZZ,DEFZZZ,Please refer the vacancy,Thu Mar 26 2026,Thu Apr 09 2026,Moratuwa,https://www.topjobs.lk/employer/JobAdvertismentServlet?rid=0&ac=DEFZZZ&jc=0001484415&ec=DEFZZZ,2026-04-02 11:34:15,SDQ
106,Software Engineer,Kernel Encode (Pvt) Ltd,0001484413,DEFZZZ,DEFZZZ,Please refer the vacancy,Thu Mar 26 2026,Thu Apr 09 2026,Moratuwa,https://www.topjobs.lk/employer/JobAdvertismentServlet?rid=0&ac=DEFZZZ&jc=0001484413&ec=DEFZZZ,2026-04-02 11:34:15,SDQ
107,Senior iOS Developer (Banking Applications),Fortunaglobal (Pvt) Limited,0001484282,DEFZZZ,DEFZZZ,Please refer the vacancy,Thu Mar 26 2026,Thu Apr 09 2026,Colombo,https://www.topjobs.lk/employer/JobAdvertismentServlet?rid=0&ac=DEFZZZ&jc=0001484282&ec=DEFZZZ,2026-04-02 11:34:15,SDQ
108,Senior Android Developer (Banking Applications),Fortunaglobal (Pvt) Limited,0001484281,DEFZZZ,DEFZZZ,Please refer the vacancy,Thu Mar 26 2026,Thu Apr 09 2026,Colombo,https://www.topjobs.lk/employer/JobAdvertismentServlet?rid=0&ac=DEFZZZ&jc=0001484281&ec=DEFZZZ,2026-04-02 11:34:15,SDQ
109,Senior IT Manager,Lanka Walltiles PLC,0001484263,DEFZZZ,DEFZZZ,Please refer the vacancy,Thu Mar 26 2026,Thu Apr 09 2026,Colombo 5,https://www.topjobs.lk/employer/JobAdvertismentServlet?rid=0&ac=DEFZZZ&jc=0001484263&ec=DEFZZZ,2026-04-02 11:34:15,SDQ
110,Graphic Designers,F P L Outsource (Pvt) Ltd,0001484204,DEFZZZ,DEFZZZ,Please refer the vacancy,Thu Mar 26 2026,Thu Apr 02 2026,Seeduwa,https://www.topjobs.lk/employer/JobAdvertismentServlet?rid=0&ac=DEFZZZ&jc=0001484204&ec=DEFZZZ,2026-04-02 11:34:15,SDQ
111,Software Engineer (Full Stack),ICT Asyst (Pvt) Ltd,0001484114,DEFZZZ,DEFZZZ,Please refer the vacancy,Thu Mar 26 2026,Thu Apr 09 2026,Nugegoda,https://www.topjobs.lk/employer/JobAdvertismentServlet?rid=0&ac=DEFZZZ&jc=0001484114&ec=DEFZZZ,2026-04-02 11:34:15,SDQ
112,Business Development Manager - ERP,Netex Technologies (Pvt) Ltd,0001484038,DEFZZZ,DEFZZZ,Please refer the vacancy,Wed Mar 25 2026,Wed Apr 08 2026,Colombo,https://www.topjobs.lk/employer/JobAdvertismentServlet?rid=0&ac=DEFZZZ&jc=0001484038&ec=DEFZZZ,2026-04-02 11:34:15,SDQ
113,Software Engineers / Senior Software Engineers,Scicom Lanka (Private) Limited,0001484000,DEFZZZ,DEFZZZ,Please refer the vacancy,Wed Mar 25 2026,Wed Apr 08 2026,Colombo,https://www.topjobs.lk/employer/JobAdvertismentServlet?rid=0&ac=DEFZZZ&jc=0001484000&ec=DEFZZZ,2026-04-02 11:34:15,SDQ
114,Market Equipment - Executive,Varun Beverages Lanka (Private) Limited,0001483985,DEFZZZ,DEFZZZ,Please refer the vacancy,Wed Mar 25 2026,Wed Apr 08 2026,Ranala,https://www.topjobs.lk/employer/JobAdvertismentServlet?rid=0&ac=DEFZZZ&jc=0001483985&ec=DEFZZZ,2026-04-02 11:34:15,SDQ
115,Online Research & Campaign Operations Specialist (Entry-Level/Junior-Level Opportunity) (1),We Are Team Rocket (Pvt) Ltd,0001483979,DEFZZZ,DEFZZZ,Please refer the vacancy,Wed Mar 25 2026,Wed Apr 08 2026,Colombo 7,https://www.topjobs.lk/employer/JobAdvertismentServlet?rid=0&ac=DEFZZZ&jc=0001483979&ec=DEFZZZ,2026-04-02 11:34:15,SDQ
116,Web & Mobile Banking Application Software Architect,Fortunaglobal (Pvt) Limited,0001483837,DEFZZZ,DEFZZZ,Please refer the vacancy,Wed Mar 25 2026,Wed Apr 08 2026,Colombo 3,https://www.topjobs.lk/employer/JobAdvertismentServlet?rid=0&ac=DEFZZZ&jc=0001483837&ec=DEFZZZ,2026-04-02 11:34:15,SDQ
117,Photo Editor | Graphic Designer,Prishan Pandithage Studio,0001483807,DEFZZZ,DEFZZZ,Please refer the vacancy,Wed Mar 25 2026,Wed Apr 08 2026,Colombo 7,https://www.topjobs.lk/employer/JobAdvertismentServlet?rid=0&ac=DEFZZZ&jc=0001483807&ec=DEFZZZ,2026-04-02 11:34:15,SDQ
118,Intern - Software Engineer (React | Node),One Billion Tech (Pvt) Ltd,0001483783,DEFZZZ,DEFZZZ,Please refer the vacancy,Wed Mar 25 2026,Wed Apr 08 2026,Colombo 1,https://www.topjobs.lk/employer/JobAdvertismentServlet?rid=0&ac=DEFZZZ&jc=0001483783&ec=DEFZZZ,2026-04-02 11:34:15,SDQ
119,Architect ? Azure Cloud (1),Mobizz Elite (Pvt) Ltd,0001483781,0000000531,0000000403,Kindly refer the Job advert,Wed Mar 25 2026,Wed Apr 08 2026,,https://www.topjobs.lk/employer/JobAdvertismentServlet?rid=0&ac=0000000403&jc=0001483781&ec=0000000531,2026-04-02 11:34:15,SDQ
120,Intern - Project Management,One Billion Tech (Pvt) Ltd,0001483779,DEFZZZ,DEFZZZ,Please refer the vacancy,Wed Mar 25 2026,Wed Apr 08 2026,Colombo 1,https://www.topjobs.lk/employer/JobAdvertismentServlet?rid=0&ac=DEFZZZ&jc=0001483779&ec=DEFZZZ,2026-04-02 11:34:15,SDQ
121,Quality Assurance Intern,One Billion Tech (Pvt) Ltd,0001483774,DEFZZZ,DEFZZZ,Please refer the vacancy,Wed Mar 25 2026,Wed Apr 08 2026,Colombo 1,https://www.topjobs.lk/employer/JobAdvertismentServlet?rid=0&ac=DEFZZZ&jc=0001483774&ec=DEFZZZ,2026-04-02 11:34:15,SDQ
122,Intern - Software Engineer (.NET),One Billion Tech (Pvt) Ltd,0001483767,DEFZZZ,DEFZZZ,Please refer the vacancy,Wed Mar 25 2026,Wed Apr 08 2026,Colombo 1,https://www.topjobs.lk/employer/JobAdvertismentServlet?rid=0&ac=DEFZZZ&jc=0001483767&ec=DEFZZZ,2026-04-02 11:34:15,SDQ
123,IT - Intern,Chart Consultants (Pvt) Ltd,0001483759,DEFZZZ,DEFZZZ,Please refer the vacancy,Wed Mar 25 2026,Wed Apr 08 2026,Colombo,https://www.topjobs.lk/employer/JobAdvertismentServlet?rid=0&ac=DEFZZZ&jc=0001483759&ec=DEFZZZ,2026-04-02 11:34:15,SDQ
124,Web Project Manager,eBEYONDS (Pvt) Ltd,0001483741,DEFZZZ,DEFZZZ,Please refer the vacancy,Wed Mar 25 2026,Wed Apr 08 2026,Pannipitiya,https://www.topjobs.lk/employer/JobAdvertismentServlet?rid=0&ac=DEFZZZ&jc=0001483741&ec=DEFZZZ,2026-04-02 11:34:15,SDQ
125,Technical Lead (.NET | Angular),MedcubeUSA (Pvt) Ltd,0001483669,DEFZZZ,DEFZZZ,Please refer the vacancy,Wed Mar 25 2026,Wed Apr 08 2026,Colombo,https://www.topjobs.lk/employer/JobAdvertismentServlet?rid=0&ac=DEFZZZ&jc=0001483669&ec=DEFZZZ,2026-04-02 11:34:15,SDQ
126,RPG Developer,Innovis Engineering (Pvt) Ltd,0001483666,DEFZZZ,DEFZZZ,Please refer the vacancy,Wed Mar 25 2026,Wed Apr 08 2026,Malabe,https://www.topjobs.lk/employer/JobAdvertismentServlet?rid=0&ac=DEFZZZ&jc=0001483666&ec=DEFZZZ,2026-04-02 11:34:15,SDQ
127,Executive - IT Support,Lyceum Global Holdings (Pvt) Ltd,0001483646,DEFZZZ,DEFZZZ,"We are Looking for a candidate to work at "" RATHNAPURA""",Wed Mar 25 2026,Wed Apr 08 2026,Ratnapura,https://www.topjobs.lk/employer/JobAdvertismentServlet?rid=0&ac=DEFZZZ&jc=0001483646&ec=DEFZZZ,2026-04-02 11:34:15,SDQ
128,Youtube Video Editor,Company Name Withheld,0001483640,DEFZZZ,DEFZZZ,Please refer the vacancy,Wed Mar 25 2026,Wed Apr 08 2026,Colombo,https://www.topjobs.lk/employer/JobAdvertismentServlet?rid=0&ac=DEFZZZ&jc=0001483640&ec=DEFZZZ,2026-04-02 11:34:15,SDQ
129,Intern Software Engineer (1),Expolanka Holdings Limited,0001483633,0000000367,0000000280,Please refer to the job advertisement,Wed Mar 25 2026,Wed Apr 08 2026,,https://www.topjobs.lk/employer/JobAdvertismentServlet?rid=0&ac=0000000280&jc=0001483633&ec=0000000367,2026-04-02 11:34:15,SDQ
130,Intern QA Engineer (1),Expolanka Holdings Limited,0001483627,0000000367,0000000280,Please refer to the job advertisement,Wed Mar 25 2026,Wed Apr 08 2026,,https://www.topjobs.lk/employer/JobAdvertismentServlet?rid=0&ac=0000000280&jc=0001483627&ec=0000000367,2026-04-02 11:34:15,SDQ
131,Intern - Product Development (1),MAS Holdings,0001483608,0000000111,0000000094,Click on the advert to apply.,Tue Mar 24 2026,Tue Apr 07 2026,Biyagama,https://www.topjobs.lk/employer/JobAdvertismentServlet?rid=0&ac=0000000094&jc=0001483608&ec=0000000111,2026-04-02 11:34:15,SDQ
132,Intern ? Business Process Reengineering (1),MAS Holdings,0001483591,0000000111,0000000094,Click on advert to apply,Tue Mar 24 2026,Tue Apr 07 2026,Naiwala,https://www.topjobs.lk/employer/JobAdvertismentServlet?rid=0&ac=0000000094&jc=0001483591&ec=0000000111,2026-04-02 11:34:15,SDQ
133,Intern - Technology Sevices (1),MAS Holdings,0001483588,0000000111,0000000094,Click on advert to apply,Tue Mar 24 2026,Tue Apr 07 2026,Malabe,https://www.topjobs.lk/employer/JobAdvertismentServlet?rid=0&ac=0000000094&jc=0001483588&ec=0000000111,2026-04-02 11:34:15,SDQ
134,Graphic Designer,Echem.lk,0001483560,DEFZZZ,DEFZZZ,Please refer the vacancy,Tue Mar 24 2026,Tue Apr 07 2026,Rajagiriya,https://www.topjobs.lk/employer/JobAdvertismentServlet?rid=0&ac=DEFZZZ&jc=0001483560&ec=DEFZZZ,2026-04-02 11:34:15,SDQ
135,Social Media & Marketing Executive,Best Western Elyon Colombo,0001483524,DEFZZZ,DEFZZZ,Please refer the vacancy,Tue Mar 24 2026,Tue Apr 07 2026,Colombo 5,https://www.topjobs.lk/employer/JobAdvertismentServlet?rid=0&ac=DEFZZZ&jc=0001483524&ec=DEFZZZ,2026-04-02 11:34:15,SDQ
136,Creative Executive (Junior),Olanka Travels (Pvt) Ltd,0001483519,DEFZZZ,DEFZZZ,Please refer the vacancy,Tue Mar 24 2026,Tue Apr 07 2026,Kalubowila,https://www.topjobs.lk/employer/JobAdvertismentServlet?rid=0&ac=DEFZZZ&jc=0001483519&ec=DEFZZZ,2026-04-02 11:34:15,SDQ
137,Senior Solutions Architect - IPTV / OTT,SLT Mobitel,0001483513,DEFZZZ,DEFZZZ,Please refer the vacancy,Tue Mar 24 2026,Tue Apr 07 2026,Colombo 1,https://www.topjobs.lk/employer/JobAdvertismentServlet?rid=0&ac=DEFZZZ&jc=0001483513&ec=DEFZZZ,2026-04-02 11:34:15,SDQ
138,AI Engineer - Application Development Focus,Asiawise Lanka (Pvt) Ltd,0001483511,DEFZZZ,DEFZZZ,Please refer the vacancy,Tue Mar 24 2026,Fri Apr 24 2026,All island,https://www.topjobs.lk/employer/JobAdvertismentServlet?rid=0&ac=DEFZZZ&jc=0001483511&ec=DEFZZZ,2026-04-02 11:34:15,SDQ
139,SEO Specialist (1),R.M.D Consultants (Pvt) Ltd,0001483481,0000000679,0000000499,Please refer to the above advert for more details,Tue Mar 24 2026,Tue Apr 07 2026,Battaramulla,https://www.topjobs.lk/employer/JobAdvertismentServlet?rid=0&ac=0000000499&jc=0001483481&ec=0000000679,2026-04-02 11:34:15,SDQ
140,Junior Software Engineer,Shaw Wallace Ceylon Ltd,0001483468,DEFZZZ,DEFZZZ,Please refer the vacancy,Tue Mar 24 2026,Tue Apr 07 2026,Colombo,https://www.topjobs.lk/employer/JobAdvertismentServlet?rid=0&ac=DEFZZZ&jc=0001483468&ec=DEFZZZ,2026-04-02 11:34:15,SDQ
141,Business Analyst,SP Solutions (Pvt) Limited,0001483443,DEFZZZ,DEFZZZ,Please refer the vacancy,Tue Mar 24 2026,Tue Apr 07 2026,Colombo 3,https://www.topjobs.lk/employer/JobAdvertismentServlet?rid=0&ac=DEFZZZ&jc=0001483443&ec=DEFZZZ,2026-04-02 11:34:15,SDQ
142,Azure Cloud Architect (1),George Bernard (Pvt) Ltd,0001483430,0000000654,0000000486,Please refer to the job description.,Tue Mar 24 2026,Tue Apr 07 2026,,https://www.topjobs.lk/employer/JobAdvertismentServlet?rid=0&ac=0000000486&jc=0001483430&ec=0000000654,2026-04-02 11:34:15,SDQ
143,Creative Content Creator,Trans Gulf (Pvt) Ltd,0001483409,DEFZZZ,DEFZZZ,Please refer the vacancy,Tue Mar 24 2026,Tue Apr 07 2026,Colombo 1,https://www.topjobs.lk/employer/JobAdvertismentServlet?rid=0&ac=DEFZZZ&jc=0001483409&ec=DEFZZZ,2026-04-02 11:34:15,SDQ
144,Practice Manager ? Customer Success (1),John Keells IT,0001483356,0000000313,0000000049,Please refer the Advert.,Tue Mar 24 2026,Fri Apr 24 2026,Colombo 2,https://www.topjobs.lk/employer/JobAdvertismentServlet?rid=0&ac=0000000049&jc=0001483356&ec=0000000313,2026-04-02 11:34:15,SDQ
145,Associate/QA Enineer (1),Nawaloka Hospitals PLC,0001483284,0000000178,0000000146,Please refer the advertisement.,Tue Mar 24 2026,Tue Apr 07 2026,,https://www.topjobs.lk/employer/JobAdvertismentServlet?rid=0&ac=0000000146&jc=0001483284&ec=0000000178,2026-04-02 11:34:15,SDQ
146,Salesforce Administrator (1),John Keells IT,0001483226,0000000313,0000000049,Please refer the Advert.,Tue Mar 24 2026,Fri Apr 24 2026,Colombo 2,https://www.topjobs.lk/employer/JobAdvertismentServlet?rid=0&ac=0000000049&jc=0001483226&ec=0000000313,2026-04-02 11:34:15,SDQ
147,Intern - Cloud Solutions and Services (Security) (1),John Keells IT,0001483216,0000000313,0000000049,Please refer the Advert.,Tue Mar 24 2026,Fri Apr 24 2026,Colombo 2,https://www.topjobs.lk/employer/JobAdvertismentServlet?rid=0&ac=0000000049&jc=0001483216&ec=0000000313,2026-04-02 11:34:15,SDQ
148,Creative Designer,DreamTeam,0001483182,DEFZZZ,DEFZZZ,Please refer the vacancy,Tue Mar 24 2026,Tue Apr 07 2026,Wattala (Wattala),https://www.topjobs.lk/employer/JobAdvertismentServlet?rid=0&ac=DEFZZZ&jc=0001483182&ec=DEFZZZ,2026-04-02 11:34:15,SDQ
149,Lead GenAI Engineer (1),Mobizz Elite (Pvt) Ltd,0001483015,0000000531,0000000403,Please refer the Job post,Mon Mar 23 2026,Mon Apr 06 2026,,https://www.topjobs.lk/employer/JobAdvertismentServlet?rid=0&ac=0000000403&jc=0001483015&ec=0000000531,2026-04-02 11:34:15,SDQ
150,Graphic | Packaging Designer,International Intimates,0001483013,DEFZZZ,DEFZZZ,Please refer the vacancy,Mon Mar 23 2026,Mon Apr 06 2026,Colombo 3,https://www.topjobs.lk/employer/JobAdvertismentServlet?rid=0&ac=DEFZZZ&jc=0001483013&ec=DEFZZZ,2026-04-02 11:34:15,SDQ
151,VMware Support Engineer (1),Micronet Global Services (Pvt) Ltd,0001482987,0000000552,0000000419,Urgent Hiring,Mon Mar 23 2026,Fri Apr 03 2026,,https://www.topjobs.lk/employer/JobAdvertismentServlet?rid=0&ac=0000000419&jc=0001482987&ec=0000000552,2026-04-02 11:34:15,SDQ
152,Graphic Designer,Elegant Knitting International (Pvt) Ltd,0001482971,DEFZZZ,DEFZZZ,Please refer the vacancy,Mon Mar 23 2026,Mon Apr 06 2026,Malwana,https://www.topjobs.lk/employer/JobAdvertismentServlet?rid=0&ac=DEFZZZ&jc=0001482971&ec=DEFZZZ,2026-04-02 11:34:15,SDQ
153,IT & Digital Marketing Executive,Wijeweera Knit Wear (Pvt) Ltd,0001482968,DEFZZZ,DEFZZZ,Please refer the vacancy,Mon Mar 23 2026,Mon Apr 06 2026,Hokandara,https://www.topjobs.lk/employer/JobAdvertismentServlet?rid=0&ac=DEFZZZ&jc=0001482968&ec=DEFZZZ,2026-04-02 11:34:15,SDQ
154,Graphic Designer,GBS (Pvt) Limited,0001482943,DEFZZZ,DEFZZZ,Please refer the vacancy,Mon Mar 23 2026,Mon Apr 06 2026,Wattala (Wattala),https://www.topjobs.lk/employer/JobAdvertismentServlet?rid=0&ac=DEFZZZ&jc=0001482943&ec=DEFZZZ,2026-04-02 11:34:15,SDQ
155,Graphic Designer,Aahaas,0001482941,DEFZZZ,DEFZZZ,Please refer the vacancy,Mon Mar 23 2026,Mon Apr 06 2026,Colombo 2,https://www.topjobs.lk/employer/JobAdvertismentServlet?rid=0&ac=DEFZZZ&jc=0001482941&ec=DEFZZZ,2026-04-02 11:34:15,SDQ
156,Senior Vice President - Product & Engineering,Payable (Pvt) Limited,0001482939,DEFZZZ,DEFZZZ,Please refer the vacancy,Mon Mar 23 2026,Mon Apr 06 2026,Colombo,https://www.topjobs.lk/employer/JobAdvertismentServlet?rid=0&ac=DEFZZZ&jc=0001482939&ec=DEFZZZ,2026-04-02 11:34:15,SDQ
157,3D Animator,Fly Adds (Pvt) Ltd,0001482776,DEFZZZ,DEFZZZ,Please refer the vacancy,Mon Mar 23 2026,Mon Apr 06 2026,Katubedda,https://www.topjobs.lk/employer/JobAdvertismentServlet?rid=0&ac=DEFZZZ&jc=0001482776&ec=DEFZZZ,2026-04-02 11:34:15,SDQ
158,Assistant Graphic Designer,Ceylon Biscuits Limited,0001482772,DEFZZZ,DEFZZZ,Please refer the vacancy,Mon Mar 23 2026,Mon Apr 06 2026,Pannipitiya,https://www.topjobs.lk/employer/JobAdvertismentServlet?rid=0&ac=DEFZZZ&jc=0001482772&ec=DEFZZZ,2026-04-02 11:34:15,SDQ
159,Designer & Video Editor,Company Name Withheld,0001482759,DEFZZZ,DEFZZZ,Please refer the vacancy,Mon Mar 23 2026,Mon Apr 06 2026,Colombo,https://www.topjobs.lk/employer/JobAdvertismentServlet?rid=0&ac=DEFZZZ&jc=0001482759&ec=DEFZZZ,2026-04-02 11:34:15,SDQ
160,Associate Software Engineer (Support),Effectz.AI,0001482752,DEFZZZ,DEFZZZ,Please refer the vacancy,Mon Mar 23 2026,Mon Apr 06 2026,Nugegoda,https://www.topjobs.lk/employer/JobAdvertismentServlet?rid=0&ac=DEFZZZ&jc=0001482752&ec=DEFZZZ,2026-04-02 11:34:15,SDQ
161,Graphic Designer & Video Editor,CIB Holdings,0001482742,DEFZZZ,DEFZZZ,Please refer the vacancy,Mon Mar 23 2026,Mon Apr 06 2026,Kohuwala,https://www.topjobs.lk/employer/JobAdvertismentServlet?rid=0&ac=DEFZZZ&jc=0001482742&ec=DEFZZZ,2026-04-02 11:34:15,SDQ
162,Senior Software Engineer (Full Stack),Effectz.AI,0001482735,DEFZZZ,DEFZZZ,Please refer the vacancy,Mon Mar 23 2026,Mon Apr 06 2026,Nugegoda,https://www.topjobs.lk/employer/JobAdvertismentServlet?rid=0&ac=DEFZZZ&jc=0001482735&ec=DEFZZZ,2026-04-02 11:34:15,SDQ
163,Video Editor | Videographer,Acquest Private Limited,0001482716,DEFZZZ,DEFZZZ,Please refer the vacancy,Mon Mar 23 2026,Mon Apr 06 2026,Colombo 2,https://www.topjobs.lk/employer/JobAdvertismentServlet?rid=0&ac=DEFZZZ&jc=0001482716&ec=DEFZZZ,2026-04-02 11:34:15,SDQ
164,Senior Graphic Designer & Video Editor (1),R.M.D Consultants (Pvt) Ltd,0001482694,0000000679,0000000499,Please refer to the above advert for more details,Mon Mar 23 2026,Mon Apr 06 2026,Battaramulla,https://www.topjobs.lk/employer/JobAdvertismentServlet?rid=0&ac=0000000499&jc=0001482694&ec=0000000679,2026-04-02 11:34:15,SDQ
165,Senior Web Designer,eMarketingEye (Pvt) Limited,0001482682,0000000233,0000000197,Please refer to the Vacancy,Mon Mar 23 2026,Sat Apr 04 2026,Colombo 5,https://www.topjobs.lk/employer/JobAdvertismentServlet?rid=0&ac=0000000197&jc=0001482682&ec=0000000233,2026-04-02 11:34:15,SDQ
166,Full Stack Software Engineer - Remote (Full Time),Tour Beez,0001481920,DEFZZZ,DEFZZZ,Fully Remote | Service Contract,Mon Mar 23 2026,Fri Apr 03 2026,Colombo,https://www.topjobs.lk/employer/JobAdvertismentServlet?rid=0&ac=DEFZZZ&jc=0001481920&ec=DEFZZZ,2026-04-02 11:34:15,SDQ
167,Intern - Local Operations (1),MAS Holdings,0001482468,0000000111,0000000094,Click on the advert to apply.,Fri Mar 20 2026,Fri Apr 03 2026,Biyagama,https://www.topjobs.lk/employer/JobAdvertismentServlet?rid=0&ac=0000000094&jc=0001482468&ec=0000000111,2026-04-02 11:34:15,SDQ
168,Full Stack Engineer - Trainee (1),Nova Code Technologies Pvt. Ltd,0001482465,DEFZZZ,DEFZZZ,Please refer the vacancy,Fri Mar 20 2026,Fri Apr 03 2026,Colombo,https://www.topjobs.lk/employer/JobAdvertismentServlet?rid=0&ac=DEFZZZ&jc=0001482465&ec=DEFZZZ,2026-04-02 11:34:15,SDQ
169,Senior Video Editor,"Atmos Solutions, Inc",0001482458,DEFZZZ,DEFZZZ,Please refer the vacancy,Fri Mar 20 2026,Fri Apr 03 2026,Colombo,https://www.topjobs.lk/employer/JobAdvertismentServlet?rid=0&ac=DEFZZZ&jc=0001482458&ec=DEFZZZ,2026-04-02 11:34:15,SDQ
170,IT - Recruitment Executive,Seren IT Services,0001482371,DEFZZZ,DEFZZZ,Please refer the vacancy,Fri Mar 20 2026,Fri Apr 03 2026,Colombo,https://www.topjobs.lk/employer/JobAdvertismentServlet?rid=0&ac=DEFZZZ&jc=0001482371&ec=DEFZZZ,2026-04-02 11:34:15,SDQ
171,UI|UX Front End Developer,Seren IT Services,0001482366,DEFZZZ,DEFZZZ,Please refer the vacancy,Fri Mar 20 2026,Fri Apr 03 2026,Colombo,https://www.topjobs.lk/employer/JobAdvertismentServlet?rid=0&ac=DEFZZZ&jc=0001482366&ec=DEFZZZ,2026-04-02 11:34:15,SDQ
172,Senior Software Engineer - Spring Boot (1),DirectFN,0001482365,0000000661,0000000492,Please refer the advert,Fri Mar 20 2026,Fri Apr 03 2026,,https://www.topjobs.lk/employer/JobAdvertismentServlet?rid=0&ac=0000000492&jc=0001482365&ec=0000000661,2026-04-02 11:34:15,SDQ
173,Graphic & Video Editor,Company Name Withheld,0001482284,DEFZZZ,DEFZZZ,Please refer the vacancy,Fri Mar 20 2026,Fri Apr 03 2026,Colombo,https://www.topjobs.lk/employer/JobAdvertismentServlet?rid=0&ac=DEFZZZ&jc=0001482284&ec=DEFZZZ,2026-04-02 11:34:15,SDQ
174,Trainee Graphic Designer,The Auto Printer,0001482251,DEFZZZ,DEFZZZ,Please refer the vacancy,Fri Mar 20 2026,Fri Apr 03 2026,Colombo 12,https://www.topjobs.lk/employer/JobAdvertismentServlet?rid=0&ac=DEFZZZ&jc=0001482251&ec=DEFZZZ,2026-04-02 11:34:15,SDQ
175,Senior Software Engineer Full Stack (1),DirectFN,0001482180,0000000661,0000000492,Please refer the advert,Fri Mar 20 2026,Fri Apr 03 2026,,https://www.topjobs.lk/employer/JobAdvertismentServlet?rid=0&ac=0000000492&jc=0001482180&ec=0000000661,2026-04-02 11:34:15,SDQ
176,Video Editor,Company Name Withheld,0001482166,DEFZZZ,DEFZZZ,Please refer the vacancy,Fri Mar 20 2026,Fri Apr 03 2026,Colombo,https://www.topjobs.lk/employer/JobAdvertismentServlet?rid=0&ac=DEFZZZ&jc=0001482166&ec=DEFZZZ,2026-04-02 11:34:15,SDQ
177,Photo Editor,Company Name Withheld,0001482162,DEFZZZ,DEFZZZ,Please refer the vacancy,Fri Mar 20 2026,Fri Apr 03 2026,Colombo,https://www.topjobs.lk/employer/JobAdvertismentServlet?rid=0&ac=DEFZZZ&jc=0001482162&ec=DEFZZZ,2026-04-02 11:34:15,SDQ
178,Creative Designer,Selene D'art Lanka (Pvt) Ltd,0001482157,DEFZZZ,DEFZZZ,Please refer the vacancy,Fri Mar 20 2026,Fri Apr 03 2026,Colombo 7,https://www.topjobs.lk/employer/JobAdvertismentServlet?rid=0&ac=DEFZZZ&jc=0001482157&ec=DEFZZZ,2026-04-02 11:34:15,SDQ
179,Graphic Designer,Company Name Withheld,0001482154,DEFZZZ,DEFZZZ,Please refer the vacancy,Fri Mar 20 2026,Fri Apr 03 2026,Colombo,https://www.topjobs.lk/employer/JobAdvertismentServlet?rid=0&ac=DEFZZZ&jc=0001482154&ec=DEFZZZ,2026-04-02 11:34:15,SDQ
180,Data Analyst | IT,Techome Technologies (Pvt) Ltd,0001482153,DEFZZZ,DEFZZZ,Please refer the vacancy,Fri Mar 20 2026,Fri Apr 03 2026,Colombo 6,https://www.topjobs.lk/employer/JobAdvertismentServlet?rid=0&ac=DEFZZZ&jc=0001482153&ec=DEFZZZ,2026-04-02 11:34:15,SDQ
181,Trainee Graphic Designer,BIO Pack & Technology (Pvt) Ltd,0001482127,DEFZZZ,DEFZZZ,Please refer the vacancy,Fri Mar 20 2026,Fri Apr 03 2026,Colombo,https://www.topjobs.lk/employer/JobAdvertismentServlet?rid=0&ac=DEFZZZ&jc=0001482127&ec=DEFZZZ,2026-04-02 11:34:15,SDQ
182,Full Stack Software Developer,Arpico Energry,0001482113,DEFZZZ,DEFZZZ,Please refer the vacancy,Fri Mar 20 2026,Fri Apr 03 2026,Mattegoda,https://www.topjobs.lk/employer/JobAdvertismentServlet?rid=0&ac=DEFZZZ&jc=0001482113&ec=DEFZZZ,2026-04-02 11:34:15,SDQ
183,MIS Executives,BTG Enterprises (Pvt) Ltd,0001482110,DEFZZZ,DEFZZZ,Please refer the vacancy,Fri Mar 20 2026,Fri Apr 03 2026,Maradana (Colombo),https://www.topjobs.lk/employer/JobAdvertismentServlet?rid=0&ac=DEFZZZ&jc=0001482110&ec=DEFZZZ,2026-04-02 11:34:15,SDQ
184,Senior Graphic Designer,Abans Group,0001482105,DEFZZZ,DEFZZZ,Please refer the vacancy,Fri Mar 20 2026,Fri Apr 03 2026,Colombo 3,https://www.topjobs.lk/employer/JobAdvertismentServlet?rid=0&ac=DEFZZZ&jc=0001482105&ec=DEFZZZ,2026-04-02 11:34:15,SDQ
185,Junior | Executive - ICT & Graphic Design,Unity Capital Investments Limited,0001482075,DEFZZZ,DEFZZZ,Please refer the vacancy,Fri Mar 20 2026,Fri Apr 03 2026,Kesbewa,https://www.topjobs.lk/employer/JobAdvertismentServlet?rid=0&ac=DEFZZZ&jc=0001482075&ec=DEFZZZ,2026-04-02 11:34:15,SDQ
186,IT & Admin Support Officer,Magro Lanka (Pvt) Ltd,0001481988,DEFZZZ,DEFZZZ,Please refer the vacancy,Fri Mar 20 2026,Fri Apr 03 2026,Pugoda,https://www.topjobs.lk/employer/JobAdvertismentServlet?rid=0&ac=DEFZZZ&jc=0001481988&ec=DEFZZZ,2026-04-02 11:34:15,SDQ
187,Creative Designer,Acorn Leisure (Pvt) Ltd,0001481974,DEFZZZ,DEFZZZ,Please refer the vacancy,Fri Mar 20 2026,Fri Apr 03 2026,Colombo 1,https://www.topjobs.lk/employer/JobAdvertismentServlet?rid=0&ac=DEFZZZ&jc=0001481974&ec=DEFZZZ,2026-04-02 11:34:15,SDQ
188,Software Engineer,SPOS (Pvt) Ltd,0001481966,DEFZZZ,DEFZZZ,Please refer the vacancy,Fri Mar 20 2026,Fri Apr 03 2026,Kuliyapitiya,https://www.topjobs.lk/employer/JobAdvertismentServlet?rid=0&ac=DEFZZZ&jc=0001481966&ec=DEFZZZ,2026-04-02 11:34:15,SDQ
189,IT Technical Executive (Call Center),SANKOG,0001481931,DEFZZZ,DEFZZZ,Please refer the vacancy,Fri Mar 20 2026,Fri Apr 03 2026,Colombo,https://www.topjobs.lk/employer/JobAdvertismentServlet?rid=0&ac=DEFZZZ&jc=0001481931&ec=DEFZZZ,2026-04-02 11:34:15,SDQ
190,Motion Graphics Designer / Editor - Smart Legal,Xcova,0001481901,DEFZZZ,DEFZZZ,Please refer the vacancy,Fri Mar 20 2026,Fri Apr 03 2026,Colombo,https://www.topjobs.lk/employer/JobAdvertismentServlet?rid=0&ac=DEFZZZ&jc=0001481901&ec=DEFZZZ,2026-04-02 11:34:15,SDQ
191,Junior IT Support Executive (Male) / Senior IT Support Executive (Male),Aimpos (Pvt) Ltd,0001481887,DEFZZZ,DEFZZZ,Please refer the vacancy,Fri Mar 20 2026,Fri Apr 03 2026,Colombo 6,https://www.topjobs.lk/employer/JobAdvertismentServlet?rid=0&ac=DEFZZZ&jc=0001481887&ec=DEFZZZ,2026-04-02 11:34:15,SDQ
192,GPS | Telematics Technician,KloudIP (Pvt) Ltd,0001481834,DEFZZZ,DEFZZZ,Please refer the vacancy,Thu Mar 19 2026,Thu Apr 02 2026,Panadura,https://www.topjobs.lk/employer/JobAdvertismentServlet?rid=0&ac=DEFZZZ&jc=0001481834&ec=DEFZZZ,2026-04-02 11:34:15,SDQ
193,Graphic Designer,Canthus Management Services (Pvt) Ltd,0001481817,DEFZZZ,DEFZZZ,Please refer the vacancy,Thu Mar 19 2026,Thu Apr 02 2026,Mount Lavinia,https://www.topjobs.lk/employer/JobAdvertismentServlet?rid=0&ac=DEFZZZ&jc=0001481817&ec=DEFZZZ,2026-04-02 11:34:15,SDQ
194,Quality Assurance Engineer,Efficient Frontiers International,0001481734,DEFZZZ,DEFZZZ,Please refer the vacancy,Thu Mar 19 2026,Thu Apr 02 2026,Colombo,https://www.topjobs.lk/employer/JobAdvertismentServlet?rid=0&ac=DEFZZZ&jc=0001481734&ec=DEFZZZ,2026-04-02 11:34:15,SDQ
195,Business Analyst,Efficient Frontiers International,0001481728,DEFZZZ,DEFZZZ,Please refer the vacancy,Thu Mar 19 2026,Thu Apr 02 2026,Colombo,https://www.topjobs.lk/employer/JobAdvertismentServlet?rid=0&ac=DEFZZZ&jc=0001481728&ec=DEFZZZ,2026-04-02 11:34:15,SDQ
196,RPA Developer (Straddle Shift),Legacy Health (Pvt) Ltd,0001481716,DEFZZZ,DEFZZZ,Please refer the vacancy,Thu Mar 19 2026,Thu Apr 02 2026,Colombo 3,https://www.topjobs.lk/employer/JobAdvertismentServlet?rid=0&ac=DEFZZZ&jc=0001481716&ec=DEFZZZ,2026-04-02 11:34:15,SDQ
197,Assistant Manager - Business Intelligence & Analytics (Night Shift),Legacy Health (Pvt) Ltd,0001481704,DEFZZZ,DEFZZZ,Please refer the vacancy,Thu Mar 19 2026,Thu Apr 02 2026,Colombo 3,https://www.topjobs.lk/employer/JobAdvertismentServlet?rid=0&ac=DEFZZZ&jc=0001481704&ec=DEFZZZ,2026-04-02 11:34:15,SDQ
198,RPA Manager (Straddle Shift),Legacy Health (Pvt) Ltd,0001481685,DEFZZZ,DEFZZZ,Please refer the vacancy,Thu Mar 19 2026,Thu Apr 02 2026,Colombo 3,https://www.topjobs.lk/employer/JobAdvertismentServlet?rid=0&ac=DEFZZZ&jc=0001481685&ec=DEFZZZ,2026-04-02 11:34:15,SDQ
199,Operations Executive - Night Shift,Legacy Health (Pvt) Ltd,0001481621,DEFZZZ,DEFZZZ,Please refer the vacancy,Thu Mar 19 2026,Thu Apr 02 2026,Colombo 3,https://www.topjobs.lk/employer/JobAdvertismentServlet?rid=0&ac=DEFZZZ&jc=0001481621&ec=DEFZZZ,2026-04-02 11:34:15,SDQ
200,HRIS Coordinator,BConnected (Pvt) Ltd,0001481541,DEFZZZ,DEFZZZ,Please refer the vacancy,Thu Mar 19 2026,Thu Apr 02 2026,Colombo 5,https://www.topjobs.lk/employer/JobAdvertismentServlet?rid=0&ac=DEFZZZ&jc=0001481541&ec=DEFZZZ,2026-04-02 11:34:15,SDQ
201,"Full-Stack Tech Lead (Bubble.io, Python, AWS, AI/ML Experience a Plus)",Efficient Frontiers International,0001481537,DEFZZZ,DEFZZZ,Please refer the vacancy,Thu Mar 19 2026,Thu Apr 02 2026,Colombo,https://www.topjobs.lk/employer/JobAdvertismentServlet?rid=0&ac=DEFZZZ&jc=0001481537&ec=DEFZZZ,2026-04-02 11:34:15,SDQ
202,"Junior Full-Stack Developer (Bubble.io, Python, AWS, AI)",Efficient Frontiers International,0001481534,DEFZZZ,DEFZZZ,Please refer the vacancy,Thu Mar 19 2026,Thu Apr 02 2026,Colombo,https://www.topjobs.lk/employer/JobAdvertismentServlet?rid=0&ac=DEFZZZ&jc=0001481534&ec=DEFZZZ,2026-04-02 11:34:15,SDQ
203,Mobile Developer (Flutter),KAST,0001481528,DEFZZZ,DEFZZZ,Please refer the vacancy,Thu Mar 19 2026,Thu Apr 02 2026,Colombo,https://www.topjobs.lk/employer/JobAdvertismentServlet?rid=0&ac=DEFZZZ&jc=0001481528&ec=DEFZZZ,2026-04-02 11:34:15,SDQ
204,Senior Mobile Developer - Flutter,KAST,0001481524,DEFZZZ,DEFZZZ,Please refer the vacancy,Thu Mar 19 2026,Thu Apr 02 2026,Colombo,https://www.topjobs.lk/employer/JobAdvertismentServlet?rid=0&ac=DEFZZZ&jc=0001481524&ec=DEFZZZ,2026-04-02 11:34:15,SDQ
205,Associate Technical Lead - Fullstack,KAST,0001481521,DEFZZZ,DEFZZZ,Please refer the vacancy,Thu Mar 19 2026,Thu Apr 02 2026,Colombo,https://www.topjobs.lk/employer/JobAdvertismentServlet?rid=0&ac=DEFZZZ&jc=0001481521&ec=DEFZZZ,2026-04-02 11:34:15,SDQ
206,Senior Software Engineer - Java,Hitachi Digital Payment Solutions Limited,0001481515,DEFZZZ,DEFZZZ,Please refer the vacancy,Thu Mar 19 2026,Thu Apr 02 2026,Colombo 6,https://www.topjobs.lk/employer/JobAdvertismentServlet?rid=0&ac=DEFZZZ&jc=0001481515&ec=DEFZZZ,2026-04-02 11:34:15,SDQ
207,DevOps Engineer,S A S Creative (Pvt) Ltd,0001481452,DEFZZZ,DEFZZZ,Please refer the vacancy,Thu Mar 19 2026,Thu Apr 02 2026,Kottawa,https://www.topjobs.lk/employer/JobAdvertismentServlet?rid=0&ac=DEFZZZ&jc=0001481452&ec=DEFZZZ,2026-04-02 11:34:15,SDQ
208,Video Editor,Fradel and Spies,0001481448,DEFZZZ,DEFZZZ,Please refer the vacancy,Thu Mar 19 2026,Thu Apr 02 2026,Colombo,https://www.topjobs.lk/employer/JobAdvertismentServlet?rid=0&ac=DEFZZZ&jc=0001481448&ec=DEFZZZ,2026-04-02 11:34:15,SDQ
209,Manager - IT Infrastructure & Cyber Security (Head Office),CEAT Tyres,0001481405,DEFZZZ,DEFZZZ,Please refer the vacancy,Thu Mar 19 2026,Thu Apr 02 2026,Colombo,https://www.topjobs.lk/employer/JobAdvertismentServlet?rid=0&ac=DEFZZZ&jc=0001481405&ec=DEFZZZ,2026-04-02 11:34:15,SDQ
210,Software Engineer Internship (Remote),Xaventra (Pvt) Ltd,0001481385,DEFZZZ,DEFZZZ,Please refer the vacancy,Thu Mar 19 2026,Thu Apr 02 2026,Colombo 1,https://www.topjobs.lk/employer/JobAdvertismentServlet?rid=0&ac=DEFZZZ&jc=0001481385&ec=DEFZZZ,2026-04-02 11:34:15,SDQ
211,Network Support Engineer  (10),Superloop Communications Pvt Ltd,0001480115,0000000362,0000000275,Please refer the advert.,Mon Mar 16 2026,Sat Apr 18 2026,,https://www.topjobs.lk/employer/JobAdvertismentServlet?rid=0&ac=0000000275&jc=0001480115&ec=0000000362,2026-04-02 11:34:15,SDQ
212,Backend Developer / Engineer ? Golang (1),Browns Group Of Companies,0001479675,0000000264,0000000221,Backend Developer / Engineer ? Golang,Fri Mar 13 2026,Sun Jun 14 2026,,https://www.topjobs.lk/employer/JobAdvertismentServlet?rid=0&ac=0000000221&jc=0001479675&ec=0000000264,2026-04-02 11:34:15,SDQ
213,Senior Executive - Sales (1),John Keells IT,0001479060,0000000313,0000000049,Please refer the advert,Thu Mar 12 2026,Sat Apr 11 2026,Colombo 2,https://www.topjobs.lk/employer/JobAdvertismentServlet?rid=0&ac=0000000049&jc=0001479060&ec=0000000313,2026-04-02 11:34:15,SDQ
214,Azure/ Dynamics 365 (Business Central Administrator) (1),Browns Group Of Companies,0001478995,0000000264,0000000221,Azure/ Dynamics 365 (Business Central Administrator),Thu Mar 12 2026,Tue Jun 16 2026,,https://www.topjobs.lk/employer/JobAdvertismentServlet?rid=0&ac=0000000221&jc=0001478995&ec=0000000264,2026-04-02 11:34:15,SDQ
215,Intern - Cloud Solutions and Service (1),John Keells IT,0001466318,0000000313,0000000049,Please refer the advert,Thu Mar 12 2026,Sat Apr 11 2026,Colombo 2,https://www.topjobs.lk/employer/JobAdvertismentServlet?rid=0&ac=0000000049&jc=0001466318&ec=0000000313,2026-04-02 11:34:15,SDQ
216,Practice Manager ? SAP Finance. (1),John Keells IT,0001463991,0000000313,0000000049,Please refer the advert,Thu Mar 12 2026,Sat Apr 11 2026,Colombo 2,https://www.topjobs.lk/employer/JobAdvertismentServlet?rid=0&ac=0000000049&jc=0001463991&ec=0000000313,2026-04-02 11:34:15,SDQ
217,Senior Associate - IT Audit  (1),Deloitte,0001475689,0000000410,0000000311,Click on the advert to apply.,Wed Mar 11 2026,Thu Apr 30 2026,Colombo 2,https://www.topjobs.lk/employer/JobAdvertismentServlet?rid=0&ac=0000000311&jc=0001475689&ec=0000000410,2026-04-02 11:34:15,SDQ
218,Consultant ? ABAP/Fiori (1),John Keells IT,0001477447,0000000313,0000000049,Please refer the advert,Mon Mar 09 2026,Wed Apr 08 2026,Colombo 2,https://www.topjobs.lk/employer/JobAdvertismentServlet?rid=0&ac=0000000049&jc=0001477447&ec=0000000313,2026-04-02 11:34:15,SDQ
